open_timestamp_utc,close_timestamp_utc,open,high,low,close,volume
1568361600,1568365199,2.41e-06,2.41e-06,1.3e-06,1.41e-06,1144564
1568365200,1568368799,1.41e-06,1.41e-06,1.4e-06,1.41e-06,2912184
1568368800,1568372399,1.41e-06,1.41e-06,1.39e-06,1.4e-06,2195249
1568372400,1568375999,1.4e-06,1.4e-06,1.4e-06,1.4e-06,1052805
1568376000,1568379599,1.4e-06,1.41e-06,1.4e-06,1.4e-06,532402
1568379600,1568383199,1.4e-06,1.42e-06,1.41e-06,1.42e-06,5328154
1568383200,1568386799,1.42e-06,1.46e-06,1.42e-06,1.44e-06,12870401
1568386800,1568390399,1.44e-06,1.48e-06,1.45e-06,1.47e-06,4942253
1568390400,1568393999,1.47e-06,1.47e-06,1.45e-06,1.46e-06,4429697
1568394000,1568397599,1.46e-06,1.47e-06,1.46e-06,1.47e-06,907589
1568397600,1568401199,1.47e-06,1.49e-06,1.47e-06,1.48e-06,8840928
1568401200,1568404799,1.48e-06,1.49e-06,1.48e-06,1.48e-06,1535254
1568404800,1568408399,1.48e-06,1.48e-06,1.48e-06,1.48e-06,475242
1568408400,1568411999,1.48e-06,1.48e-06,1.47e-06,1.48e-06,5100
1568412000,1568415599,1.48e-06,1.48e-06,1.47e-06,1.48e-06,184100
1568415600,1568419199,1.48e-06,1.48e-06,1.47e-06,1.47e-06,3135000
1568419200,1568422799,1.47e-06,1.47e-06,1.47e-06,1.47e-06,500000
1568422800,1568426399,1.47e-06,1.47e-06,1.47e-06,1.47e-06,807741
1568426400,1568429999,1.47e-06,1.47e-06,1.46e-06,1.46e-06,414153
1568430000,1568433599,1.46e-06,1.46e-06,1.46e-06,1.46e-06,148144
1568433600,1568437199,1.46e-06,1.46e-06,1.46e-06,1.46e-06,428867
1568437200,1568440799,1.46e-06,1.46e-06,1.46e-06,1.46e-06,1500000
1568440800,1568444399,1.46e-06,1.47e-06,1.46e-06,1.47e-06,190001
1568444400,1568447999,1.47e-06,1.47e-06,1.46e-06,1.47e-06,491390
1568448000,1568451599,1.47e-06,1.49e-06,1.46e-06,1.49e-06,7832573
1568451600,1568455199,1.49e-06,1.49e-06,1.48e-06,1.48e-06,258483
1568455200,1568458799,1.48e-06,1.48e-06,1.47e-06,1.47e-06,46174
1568458800,1568462399,1.47e-06,1.48e-06,1.47e-06,1.47e-06,1000388
1568462400,1568465999,1.47e-06,1.48e-06,1.47e-06,1.48e-06,1181997
1568466000,1568469599,1.48e-06,1.49e-06,1.46e-06,1.48e-06,3288257
1568469600,1568473199,1.48e-06,1.49e-06,1.46e-06,1.49e-06,2656218
1568473200,1568476799,1.49e-06,1.52e-06,1.48e-06,1.5e-06,9273112
1568476800,1568480399,1.5e-06,1.51e-06,1.5e-06,1.51e-06,1083300
1568480400,1568483999,1.51e-06,1.51e-06,1.5e-06,1.51e-06,1276000
1568484000,1568487599,1.51e-06,1.52e-06,1.5e-06,1.51e-06,1430120
1568487600,1568491199,1.51e-06,1.52e-06,1.5e-06,1.51e-06,1050200
1568491200,1568494799,1.51e-06,1.52e-06,1.51e-06,1.51e-06,622000
1568494800,1568498399,1.51e-06,1.51e-06,1.51e-06,1.51e-06,165400
1568498400,1568501999,1.51e-06,1.51e-06,1.51e-06,1.51e-06,100201
1568502000,1568505599,1.51e-06,1.52e-06,1.51e-06,1.51e-06,114100
1568505600,1568509199,1.51e-06,1.53e-06,1.52e-06,1.52e-06,1322783
1568509200,1568512799,1.52e-06,1.53e-06,1.52e-06,1.53e-06,284700
1568512800,1568516399,1.53e-06,1.52e-06,1.52e-06,1.52e-06,798329
1568516400,1568519999,1.52e-06,1.52e-06,1.52e-06,1.52e-06,8886
1568520000,1568523599,1.52e-06,1.52e-06,1.51e-06,1.52e-06,25005
1568523600,1568527199,1.52e-06,1.52e-06,1.51e-06,1.51e-06,347000
1568527200,1568530799,1.51e-06,1.53e-06,1.51e-06,1.52e-06,126111
1568530800,1568534399,1.52e-06,1.53e-06,1.52e-06,1.53e-06,123234
1568534400,1568537999,1.53e-06,1.53e-06,1.52e-06,1.52e-06,24000
1568538000,1568541599,1.52e-06,1.53e-06,1.53e-06,1.53e-06,2000
1568541600,1568545199,1.53e-06,1.55e-06,1.51e-06,1.55e-06,2170073
1568545200,1568548799,1.55e-06,1.55e-06,1.53e-06,1.53e-06,660912
1568548800,1568552399,1.53e-06,1.55e-06,1.53e-06,1.53e-06,2550701
1568552400,1568555999,1.53e-06,1.54e-06,1.5e-06,1.51e-06,11172608
1568556000,1568559599,1.51e-06,1.51e-06,1.5e-06,1.5e-06,6286397
1568559600,1568563199,1.5e-06,1.5e-06,1.5e-06,1.5e-06,2403000
1568563200,1568566799,1.5e-06,1.5e-06,1.48e-06,1.48e-06,3052217
1568566800,1568570399,1.48e-06,1.49e-06,1.46e-06,1.46e-06,7046553
1568570400,1568573999,1.46e-06,1.47e-06,1.46e-06,1.46e-06,451449
1568574000,1568577599,1.46e-06,1.47e-06,1.46e-06,1.46e-06,1961
1568577600,1568581199,1.46e-06,1.47e-06,1.46e-06,1.47e-06,60000
1568581200,1568584799,1.47e-06,1.47e-06,1.46e-06,1.46e-06,1561788
1568584800,1568588399,1.46e-06,1.46e-06,1.46e-06,1.46e-06,0
1568588400,1568591999,1.46e-06,1.47e-06,1.46e-06,1.46e-06,22000
1568592000,1568595599,1.46e-06,1.49e-06,1.46e-06,1.48e-06,3630023
1568595600,1568599199,1.48e-06,1.5e-06,1.49e-06,1.5e-06,4616440
1568599200,1568602799,1.5e-06,1.51e-06,1.5e-06,1.5e-06,1432012
1568602800,1568606399,1.5e-06,1.51e-06,1.5e-06,1.5e-06,135475
1568606400,1568609999,1.5e-06,1.51e-06,1.5e-06,1.5e-06,100304
1568610000,1568613599,1.5e-06,1.51e-06,1.5e-06,1.51e-06,3701064
1568613600,1568617199,1.51e-06,1.51e-06,1.5e-06,1.51e-06,1752295
1568617200,1568620799,1.51e-06,1.52e-06,1.5e-06,1.51e-06,3014543
1568620800,1568624399,1.51e-06,1.52e-06,1.49e-06,1.5e-06,1263308
1568624400,1568627999,1.5e-06,1.5e-06,1.48e-06,1.48e-06,165635
1568628000,1568631599,1.48e-06,1.49e-06,1.48e-06,1.49e-06,966701
1568631600,1568635199,1.49e-06,1.51e-06,1.5e-06,1.5e-06,6971304
1568635200,1568638799,1.5e-06,1.5e-06,1.49e-06,1.5e-06,1738296
1568638800,1568642399,1.5e-06,1.5e-06,1.49e-06,1.5e-06,716918
1568642400,1568645999,1.5e-06,1.5e-06,1.49e-06,1.49e-06,2196639
1568646000,1568649599,1.49e-06,1.49e-06,1.48e-06,1.48e-06,267365
1568649600,1568653199,1.48e-06,1.5e-06,1.49e-06,1.49e-06,588938
1568653200,1568656799,1.49e-06,1.5e-06,1.5e-06,1.5e-06,1022620
1568656800,1568660399,1.5e-06,1.51e-06,1.49e-06,1.51e-06,234803
1568660400,1568663999,1.51e-06,1.51e-06,1.51e-06,1.51e-06,0
1568664000,1568667599,1.51e-06,1.52e-06,1.5e-06,1.52e-06,1897678
1568667600,1568671199,1.52e-06,1.52e-06,1.49e-06,1.51e-06,6437827
1568671200,1568674799,1.51e-06,1.52e-06,1.51e-06,1.51e-06,4549443
1568674800,1568678399,1.51e-06,1.52e-06,1.51e-06,1.51e-06,1698430
1568678400,1568681999,1.51e-06,1.53e-06,1.52e-06,1.53e-06,2694098
1568682000,1568685599,1.53e-06,1.53e-06,1.52e-06,1.53e-06,321200
1568685600,1568689199,1.53e-06,1.54e-06,1.53e-06,1.53e-06,1243411
1568689200,1568692799,1.53e-06,1.53e-06,1.52e-06,1.52e-06,1202001
1568692800,1568696399,1.52e-06,1.53e-06,1.52e-06,1.53e-06,699037
1568696400,1568699999,1.53e-06,1.54e-06,1.53e-06,1.54e-06,8619680
1568700000,1568703599,1.54e-06,1.55e-06,1.54e-06,1.55e-06,2764691
1568703600,1568707199,1.55e-06,1.58e-06,1.55e-06,1.58e-06,5090804
1568707200,1568710799,1.58e-06,1.58e-06,1.57e-06,1.57e-06,2815223
1568710800,1568714399,1.57e-06,1.58e-06,1.56e-06,1.57e-06,3088656
1568714400,1568717999,1.57e-06,1.58e-06,1.57e-06,1.58e-06,288639
1568718000,1568721599,1.58e-06,1.58e-06,1.57e-06,1.58e-06,102003
1568721600,1568725199,1.58e-06,1.6e-06,1.57e-06,1.59e-06,13396573
1568725200,1568728799,1.59e-06,1.59e-06,1.58e-06,1.58e-06,2411892
1568728800,1568732399,1.58e-06,1.6e-06,1.58e-06,1.6e-06,1178154
1568732400,1568735999,1.6e-06,1.62e-06,1.59e-06,1.62e-06,9503681
1568736000,1568739599,1.62e-06,1.68e-06,1.61e-06,1.67e-06,15296310
1568739600,1568743199,1.67e-06,1.68e-06,1.65e-06,1.67e-06,13863704
1568743200,1568746799,1.67e-06,1.68e-06,1.64e-06,1.64e-06,4976075
1568746800,1568750399,1.64e-06,1.67e-06,1.65e-06,1.66e-06,1869110
1568750400,1568753999,1.66e-06,1.66e-06,1.65e-06,1.66e-06,601500
1568754000,1568757599,1.66e-06,1.69e-06,1.64e-06,1.64e-06,16503019
1568757600,1568761199,1.64e-06,1.65e-06,1.64e-06,1.64e-06,791673
1568761200,1568764799,1.64e-06,1.65e-06,1.62e-06,1.62e-06,2737418
1568764800,1568768399,1.62e-06,1.68e-06,1.62e-06,1.68e-06,3767847
1568768400,1568771999,1.68e-06,1.7e-06,1.68e-06,1.69e-06,7891593
1568772000,1568775599,1.69e-06,1.72e-06,1.7e-06,1.7e-06,4308320
1568775600,1568779199,1.7e-06,1.7e-06,1.68e-06,1.68e-06,1893905
1568779200,1568782799,1.68e-06,1.71e-06,1.68e-06,1.69e-06,631883
1568782800,1568786399,1.69e-06,1.7e-06,1.69e-06,1.69e-06,5290097
1568786400,1568789999,1.69e-06,1.73e-06,1.69e-06,1.72e-06,1986161
1568790000,1568793599,1.72e-06,1.73e-06,1.7e-06,1.72e-06,4787075
1568793600,1568797199,1.72e-06,1.72e-06,1.67e-06,1.69e-06,6922211
1568797200,1568800799,1.69e-06,1.7e-06,1.68e-06,1.7e-06,1750662
1568800800,1568804399,1.7e-06,1.71e-06,1.69e-06,1.69e-06,1517041
1568804400,1568807999,1.69e-06,1.7e-06,1.69e-06,1.69e-06,3338886
1568808000,1568811599,1.69e-06,1.71e-06,1.69e-06,1.71e-06,3914866
1568811600,1568815199,1.71e-06,1.77e-06,1.71e-06,1.76e-06,23207784
1568815200,1568818799,1.76e-06,1.8e-06,1.75e-06,1.76e-06,33288904
1568818800,1568822399,1.76e-06,1.77e-06,1.73e-06,1.76e-06,9487779
1568822400,1568825999,1.76e-06,1.77e-06,1.74e-06,1.77e-06,5429320
1568826000,1568829599,1.77e-06,1.77e-06,1.73e-06,1.74e-06,2838172
1568829600,1568833199,1.74e-06,1.76e-06,1.74e-06,1.75e-06,3137468
1568833200,1568836799,1.75e-06,1.75e-06,1.72e-06,1.75e-06,1245412
1568836800,1568840399,1.75e-06,1.75e-06,1.72e-06,1.72e-06,750013
1568840400,1568843999,1.72e-06,1.75e-06,1.72e-06,1.75e-06,8261340
1568844000,1568847599,1.75e-06,1.77e-06,1.75e-06,1.76e-06,1692048
1568847600,1568851199,1.76e-06,1.76e-06,1.74e-06,1.76e-06,4519475
1568851200,1568854799,1.76e-06,1.76e-06,1.7e-06,1.7e-06,15068443
1568854800,1568858399,1.7e-06,1.71e-06,1.66e-06,1.68e-06,12045547
1568858400,1568861999,1.68e-06,1.7e-06,1.67e-06,1.68e-06,2889790
1568862000,1568865599,1.68e-06,1.7e-06,1.65e-06,1.68e-06,8688562
1568865600,1568869199,1.68e-06,1.68e-06,1.67e-06,1.68e-06,1060701
1568869200,1568872799,1.68e-06,1.7e-06,1.68e-06,1.69e-06,5761613
1568872800,1568876399,1.69e-06,1.7e-06,1.68e-06,1.69e-06,4035808
1568876400,1568879999,1.69e-06,1.72e-06,1.69e-06,1.71e-06,4530298
1568880000,1568883599,1.71e-06,1.72e-06,1.7e-06,1.72e-06,945178
1568883600,1568887199,1.72e-06,1.72e-06,1.7e-06,1.7e-06,3120254
1568887200,1568890799,1.7e-06,1.71e-06,1.7e-06,1.71e-06,1136701
1568890800,1568894399,1.71e-06,1.71e-06,1.69e-06,1.69e-06,1843996
1568894400,1568897999,1.69e-06,1.7e-06,1.69e-06,1.7e-06,265950
1568898000,1568901599,1.7e-06,1.71e-06,1.7e-06,1.71e-06,4351091
1568901600,1568905199,1.71e-06,1.71e-06,1.69e-06,1.7e-06,3598483
1568905200,1568908799,1.7e-06,1.72e-06,1.7e-06,1.72e-06,1071463
1568908800,1568912399,1.72e-06,1.75e-06,1.71e-06,1.74e-06,9705475
1568912400,1568915999,1.74e-06,1.76e-06,1.72e-06,1.74e-06,8751045
1568916000,1568919599,1.74e-06,1.75e-06,1.73e-06,1.75e-06,5325097
1568919600,1568923199,1.75e-06,1.78e-06,1.75e-06,1.76e-06,13075870
1568923200,1568926799,1.76e-06,1.76e-06,1.66e-06,1.7e-06,26959182
1568926800,1568930399,1.7e-06,1.7e-06,1.69e-06,1.7e-06,1414710
1568930400,1568933999,1.7e-06,1.71e-06,1.69e-06,1.71e-06,810977
1568934000,1568937599,1.71e-06,1.71e-06,1.69e-06,1.71e-06,389237
1568937600,1568941199,1.71e-06,1.7e-06,1.67e-06,1.67e-06,7226946
1568941200,1568944799,1.67e-06,1.68e-06,1.66e-06,1.67e-06,8126181
1568944800,1568948399,1.67e-06,1.68e-06,1.67e-06,1.68e-06,233547
1568948400,1568951999,1.68e-06,1.68e-06,1.67e-06,1.67e-06,11699282
1568952000,1568955599,1.67e-06,1.68e-06,1.66e-06,1.67e-06,3283345
1568955600,1568959199,1.67e-06,1.68e-06,1.67e-06,1.67e-06,41502
1568959200,1568962799,1.67e-06,1.69e-06,1.67e-06,1.69e-06,5177138
1568962800,1568966399,1.69e-06,1.7e-06,1.68e-06,1.7e-06,1415515
1568966400,1568969999,1.7e-06,1.71e-06,1.69e-06,1.7e-06,17128903
1568970000,1568973599,1.7e-06,1.7e-06,1.68e-06,1.68e-06,2634410
1568973600,1568977199,1.68e-06,1.7e-06,1.68e-06,1.7e-06,1036874
1568977200,1568980799,1.7e-06,1.7e-06,1.69e-06,1.7e-06,1925754
1568980800,1568984399,1.7e-06,1.7e-06,1.69e-06,1.69e-06,1380224
1568984400,1568987999,1.69e-06,1.7e-06,1.68e-06,1.7e-06,534981
1568988000,1568991599,1.7e-06,1.69e-06,1.68e-06,1.69e-06,1078674
1568991600,1568995199,1.69e-06,1.68e-06,1.67e-06,1.68e-06,2625392
1568995200,1568998799,1.68e-06,1.69e-06,1.68e-06,1.69e-06,112065
1568998800,1569002399,1.69e-06,1.69e-06,1.66e-06,1.68e-06,3764969
1569002400,1569005999,1.68e-06,1.68e-06,1.67e-06,1.67e-06,741692
1569006000,1569009599,1.67e-06,1.68e-06,1.67e-06,1.67e-06,168770
1569009600,1569013199,1.67e-06,1.67e-06,1.66e-06,1.66e-06,480000
1569013200,1569016799,1.66e-06,1.68e-06,1.66e-06,1.67e-06,5819886
1569016800,1569020399,1.67e-06,1.68e-06,1.67e-06,1.68e-06,112915
1569020400,1569023999,1.68e-06,1.69e-06,1.68e-06,1.69e-06,460195
1569024000,1569027599,1.69e-06,1.69e-06,1.68e-06,1.69e-06,888472
1569027600,1569031199,1.69e-06,1.7e-06,1.69e-06,1.69e-06,3402056
1569031200,1569034799,1.69e-06,1.7e-06,1.69e-06,1.69e-06,1111500
1569034800,1569038399,1.69e-06,1.7e-06,1.69e-06,1.7e-06,92931
1569038400,1569041999,1.7e-06,1.7e-06,1.68e-06,1.69e-06,5557505
1569042000,1569045599,1.69e-06,1.71e-06,1.69e-06,1.71e-06,9345548
1569045600,1569049199,1.71e-06,1.72e-06,1.71e-06,1.72e-06,1189205
1569049200,1569052799,1.72e-06,1.72e-06,1.71e-06,1.71e-06,717263
1569052800,1569056399,1.71e-06,1.72e-06,1.71e-06,1.72e-06,485452
1569056400,1569059999,1.72e-06,1.72e-06,1.71e-06,1.72e-06,6110850
1569060000,1569063599,1.72e-06,1.72e-06,1.71e-06,1.72e-06,357972
1569063600,1569067199,1.72e-06,1.72e-06,1.71e-06,1.72e-06,921003
1569067200,1569070799,1.72e-06,1.73e-06,1.72e-06,1.72e-06,3498545
1569070800,1569074399,1.72e-06,1.74e-06,1.72e-06,1.74e-06,759317
1569074400,1569077999,1.74e-06,1.75e-06,1.74e-06,1.74e-06,4695534
1569078000,1569081599,1.74e-06,1.76e-06,1.74e-06,1.76e-06,3036418
1569081600,1569085199,1.76e-06,1.76e-06,1.74e-06,1.74e-06,3373852
1569085200,1569088799,1.74e-06,1.75e-06,1.74e-06,1.74e-06,1586970
1569088800,1569092399,1.74e-06,1.82e-06,1.74e-06,1.8e-06,11558967
1569092400,1569095999,1.8e-06,1.83e-06,1.78e-06,1.83e-06,11555258
1569096000,1569099599,1.83e-06,1.83e-06,1.81e-06,1.81e-06,2728869
1569099600,1569103199,1.81e-06,1.82e-06,1.8e-06,1.8e-06,5982194
1569103200,1569106799,1.8e-06,1.81e-06,1.75e-06,1.8e-06,12325730
1569106800,1569110399,1.8e-06,1.81e-06,1.79e-06,1.8e-06,4749493
1569110400,1569113999,1.8e-06,1.81e-06,1.76e-06,1.77e-06,3461575
1569114000,1569117599,1.77e-06,1.77e-06,1.71e-06,1.77e-06,19674661
1569117600,1569121199,1.77e-06,1.78e-06,1.77e-06,1.78e-06,1041680
1569121200,1569124799,1.78e-06,1.77e-06,1.74e-06,1.76e-06,6501610
1569124800,1569128399,1.76e-06,1.77e-06,1.74e-06,1.76e-06,1402183
1569128400,1569131999,1.76e-06,1.76e-06,1.74e-06,1.76e-06,2685997
1569132000,1569135599,1.76e-06,1.77e-06,1.75e-06,1.77e-06,715927
1569135600,1569139199,1.77e-06,1.79e-06,1.76e-06,1.77e-06,9402275
1569139200,1569142799,1.77e-06,1.77e-06,1.75e-06,1.76e-06,4751266
1569142800,1569146399,1.76e-06,1.76e-06,1.75e-06,1.76e-06,2954167
1569146400,1569149999,1.76e-06,1.77e-06,1.75e-06,1.75e-06,331983
1569150000,1569153599,1.75e-06,1.76e-06,1.74e-06,1.75e-06,3006753
1569153600,1569157199,1.75e-06,1.75e-06,1.69e-06,1.74e-06,25896725
1569157200,1569160799,1.74e-06,1.75e-06,1.72e-06,1.73e-06,3159886
1569160800,1569164399,1.73e-06,1.73e-06,1.72e-06,1.72e-06,2081091
1569164400,1569167999,1.72e-06,1.72e-06,1.68e-06,1.69e-06,1723300
1569168000,1569171599,1.69e-06,1.69e-06,1.63e-06,1.64e-06,18994706
1569171600,1569175199,1.64e-06,1.65e-06,1.61e-06,1.63e-06,11023041
1569175200,1569178799,1.63e-06,1.63e-06,1.62e-06,1.63e-06,1396745
1569178800,1569182399,1.63e-06,1.64e-06,1.61e-06,1.63e-06,3546071
1569182400,1569185999,1.63e-06,1.63e-06,1.62e-06,1.63e-06,1769800
1569186000,1569189599,1.63e-06,1.66e-06,1.63e-06,1.66e-06,3505070
1569189600,1569193199,1.66e-06,1.66e-06,1.64e-06,1.66e-06,782223
1569193200,1569196799,1.66e-06,1.65e-06,1.64e-06,1.65e-06,1043519
1569196800,1569200399,1.65e-06,1.64e-06,1.63e-06,1.63e-06,340243
1569200400,1569203999,1.63e-06,1.63e-06,1.62e-06,1.63e-06,1160118
1569204000,1569207599,1.63e-06,1.66e-06,1.62e-06,1.65e-06,2121109
1569207600,1569211199,1.65e-06,1.66e-06,1.65e-06,1.66e-06,2271275
1569211200,1569214799,1.66e-06,1.67e-06,1.66e-06,1.67e-06,1389223
1569214800,1569218399,1.67e-06,1.67e-06,1.66e-06,1.66e-06,291696
1569218400,1569221999,1.66e-06,1.65e-06,1.63e-06,1.65e-06,349730
1569222000,1569225599,1.65e-06,1.67e-06,1.65e-06,1.66e-06,4964093
1569225600,1569229199,1.66e-06,1.67e-06,1.66e-06,1.67e-06,47170
1569229200,1569232799,1.67e-06,1.68e-06,1.66e-06,1.67e-06,3848362
1569232800,1569236399,1.67e-06,1.68e-06,1.66e-06,1.66e-06,1736534
1569236400,1569239999,1.66e-06,1.67e-06,1.67e-06,1.67e-06,15460
1569240000,1569243599,1.67e-06,1.68e-06,1.66e-06,1.67e-06,2371039
1569243600,1569247199,1.67e-06,1.68e-06,1.66e-06,1.68e-06,5863371
1569247200,1569250799,1.68e-06,1.69e-06,1.66e-06,1.69e-06,5451574
1569250800,1569254399,1.69e-06,1.7e-06,1.69e-06,1.7e-06,3062564
1569254400,1569257999,1.7e-06,1.71e-06,1.69e-06,1.71e-06,3061144
1569258000,1569261599,1.71e-06,1.71e-06,1.66e-06,1.67e-06,9016019
1569261600,1569265199,1.67e-06,1.68e-06,1.67e-06,1.68e-06,2550895
1569265200,1569268799,1.68e-06,1.68e-06,1.67e-06,1.67e-06,177199
1569268800,1569272399,1.67e-06,1.68e-06,1.67e-06,1.67e-06,819060
1569272400,1569275999,1.67e-06,1.66e-06,1.59e-06,1.62e-06,19514893
1569276000,1569279599,1.62e-06,1.63e-06,1.61e-06,1.62e-06,4827384
1569279600,1569283199,1.62e-06,1.62e-06,1.6e-06,1.6e-06,3221730
1569283200,1569286799,1.6e-06,1.61e-06,1.59e-06,1.61e-06,1989552
1569286800,1569290399,1.61e-06,1.61e-06,1.6e-06,1.6e-06,201554
1569290400,1569293999,1.6e-06,1.61e-06,1.6e-06,1.6e-06,632349
1569294000,1569297599,1.6e-06,1.61e-06,1.6e-06,1.6e-06,1890781
1569297600,1569301199,1.6e-06,1.61e-06,1.6e-06,1.61e-06,1944039
1569301200,1569304799,1.61e-06,1.61e-06,1.6e-06,1.61e-06,738186
1569304800,1569308399,1.61e-06,1.62e-06,1.6e-06,1.62e-06,6685538
1569308400,1569311999,1.62e-06,1.63e-06,1.62e-06,1.62e-06,1560004
1569312000,1569315599,1.62e-06,1.62e-06,1.59e-06,1.6e-06,2779615
1569315600,1569319199,1.6e-06,1.6e-06,1.59e-06,1.59e-06,1234117
1569319200,1569322799,1.59e-06,1.6e-06,1.59e-06,1.59e-06,1098454
1569322800,1569326399,1.59e-06,1.6e-06,1.59e-06,1.6e-06,658351
1569326400,1569329999,1.6e-06,1.6e-06,1.58e-06,1.58e-06,4966623
1569330000,1569333599,1.58e-06,1.59e-06,1.57e-06,1.59e-06,6638827
1569333600,1569337199,1.59e-06,1.59e-06,1.52e-06,1.56e-06,24479007
1569337200,1569340799,1.56e-06,1.57e-06,1.55e-06,1.57e-06,11644450
1569340800,1569344399,1.57e-06,1.59e-06,1.54e-06,1.55e-06,17535577
1569344400,1569347999,1.55e-06,1.57e-06,1.54e-06,1.57e-06,3925928
1569348000,1569351599,1.57e-06,1.6e-06,1.55e-06,1.6e-06,15790284
1569351600,1569355199,1.6e-06,1.62e-06,1.41e-06,1.46e-06,129513645
1569355200,1569358799,1.46e-06,1.53e-06,1.43e-06,1.49e-06,40622138
1569358800,1569362399,1.49e-06,1.5e-06,1.42e-06,1.42e-06,11474064
1569362400,1569365999,1.42e-06,1.46e-06,1.39e-06,1.46e-06,16785389
1569366000,1569369599,1.46e-06,1.46e-06,1.45e-06,1.45e-06,5467949
1569369600,1569373199,1.45e-06,1.49e-06,1.44e-06,1.49e-06,14375019
1569373200,1569376799,1.49e-06,1.53e-06,1.49e-06,1.52e-06,7982259
1569376800,1569380399,1.52e-06,1.53e-06,1.48e-06,1.5e-06,6682099
1569380400,1569383999,1.5e-06,1.54e-06,1.5e-06,1.52e-06,3405408
1569384000,1569387599,1.52e-06,1.53e-06,1.51e-06,1.52e-06,698929
1569387600,1569391199,1.52e-06,1.53e-06,1.52e-06,1.52e-06,319609
1569391200,1569394799,1.52e-06,1.53e-06,1.52e-06,1.53e-06,1760765
1569394800,1569398399,1.53e-06,1.53e-06,1.48e-06,1.48e-06,6104836
1569398400,1569401999,1.48e-06,1.5e-06,1.45e-06,1.48e-06,7387951
1569402000,1569405599,1.48e-06,1.52e-06,1.48e-06,1.5e-06,4633700
1569405600,1569409199,1.5e-06,1.5e-06,1.48e-06,1.49e-06,5423671
1569409200,1569412799,1.49e-06,1.49e-06,1.46e-06,1.48e-06,2531839
1569412800,1569416399,1.48e-06,1.51e-06,1.48e-06,1.49e-06,728975
1569416400,1569419999,1.49e-06,1.52e-06,1.48e-06,1.52e-06,1851807
1569420000,1569423599,1.52e-06,1.52e-06,1.49e-06,1.51e-06,3000239
1569423600,1569427199,1.51e-06,1.53e-06,1.5e-06,1.53e-06,11198424
1569427200,1569430799,1.53e-06,1.54e-06,1.5e-06,1.52e-06,4205428
1569430800,1569434399,1.52e-06,1.55e-06,1.53e-06,1.53e-06,4762583
1569434400,1569437999,1.53e-06,1.54e-06,1.53e-06,1.53e-06,462147
1569438000,1569441599,1.53e-06,1.55e-06,1.53e-06,1.54e-06,1842938
1569441600,1569445199,1.54e-06,1.55e-06,1.53e-06,1.53e-06,1226361
1569445200,1569448799,1.53e-06,1.54e-06,1.53e-06,1.53e-06,263303
1569448800,1569452399,1.53e-06,1.54e-06,1.54e-06,1.54e-06,272098
1569452400,1569455999,1.54e-06,1.55e-06,1.53e-06,1.55e-06,1313493
1569456000,1569459599,1.55e-06,1.55e-06,1.52e-06,1.54e-06,14874494
1569459600,1569463199,1.54e-06,1.54e-06,1.53e-06,1.53e-06,341569
1569463200,1569466799,1.53e-06,1.53e-06,1.52e-06,1.52e-06,993206
1569466800,1569470399,1.52e-06,1.53e-06,1.51e-06,1.52e-06,689924
1569470400,1569473999,1.52e-06,1.53e-06,1.52e-06,1.52e-06,132705
1569474000,1569477599,1.52e-06,1.54e-06,1.52e-06,1.54e-06,1522886
1569477600,1569481199,1.54e-06,1.54e-06,1.51e-06,1.53e-06,33136504
1569481200,1569484799,1.53e-06,1.55e-06,1.53e-06,1.55e-06,2252728
1569484800,1569488399,1.55e-06,1.57e-06,1.54e-06,1.55e-06,12713392
1569488400,1569491999,1.55e-06,1.56e-06,1.55e-06,1.56e-06,994099
1569492000,1569495599,1.56e-06,1.58e-06,1.56e-06,1.58e-06,3618808
1569495600,1569499199,1.58e-06,1.58e-06,1.57e-06,1.58e-06,218152
1569499200,1569502799,1.58e-06,1.58e-06,1.55e-06,1.56e-06,13519719
1569502800,1569506399,1.56e-06,1.56e-06,1.52e-06,1.53e-06,6266581
1569506400,1569509999,1.53e-06,1.56e-06,1.53e-06,1.55e-06,2460113
1569510000,1569513599,1.55e-06,1.57e-06,1.54e-06,1.54e-06,5852572
1569513600,1569517199,1.54e-06,1.56e-06,1.53e-06,1.55e-06,8367106
1569517200,1569520799,1.55e-06,1.55e-06,1.54e-06,1.54e-06,3122946
1569520800,1569524399,1.54e-06,1.56e-06,1.54e-06,1.55e-06,1249478
1569524400,1569527999,1.55e-06,1.57e-06,1.56e-06,1.56e-06,270873
1569528000,1569531599,1.56e-06,1.57e-06,1.54e-06,1.55e-06,2006636
1569531600,1569535199,1.55e-06,1.56e-06,1.56e-06,1.56e-06,193638
1569535200,1569538799,1.56e-06,1.59e-06,1.55e-06,1.59e-06,8980558
1569538800,1569542399,1.59e-06,1.59e-06,1.57e-06,1.58e-06,3007961
1569542400,1569545999,1.58e-06,1.58e-06,1.57e-06,1.58e-06,2334738
1569546000,1569549599,1.58e-06,1.58e-06,1.57e-06,1.58e-06,1340348
1569549600,1569553199,1.58e-06,1.58e-06,1.57e-06,1.58e-06,79933
1569553200,1569556799,1.58e-06,1.58e-06,1.57e-06,1.58e-06,538009
1569556800,1569560399,1.58e-06,1.58e-06,1.57e-06,1.57e-06,154304
1569560400,1569563999,1.57e-06,1.58e-06,1.57e-06,1.57e-06,126431
1569564000,1569567599,1.57e-06,1.59e-06,1.57e-06,1.58e-06,2620189
1569567600,1569571199,1.58e-06,1.64e-06,1.58e-06,1.63e-06,16783636
1569571200,1569574799,1.63e-06,1.64e-06,1.61e-06,1.61e-06,13660672
1569574800,1569578399,1.61e-06,1.62e-06,1.6e-06,1.61e-06,2677637
1569578400,1569581999,1.61e-06,1.62e-06,1.6e-06,1.6e-06,4656829
1569582000,1569585599,1.6e-06,1.64e-06,1.61e-06,1.64e-06,6532166
1569585600,1569589199,1.64e-06,1.65e-06,1.63e-06,1.64e-06,6903666
1569589200,1569592799,1.64e-06,1.64e-06,1.63e-06,1.63e-06,472363
1569592800,1569596399,1.63e-06,1.64e-06,1.63e-06,1.64e-06,7226640
1569596400,1569599999,1.64e-06,1.64e-06,1.62e-06,1.63e-06,13142975
1569600000,1569603599,1.63e-06,1.65e-06,1.63e-06,1.65e-06,12335089
1569603600,1569607199,1.65e-06,1.65e-06,1.64e-06,1.65e-06,1001701
1569607200,1569610799,1.65e-06,1.65e-06,1.64e-06,1.65e-06,1173793
1569610800,1569614399,1.65e-06,1.65e-06,1.64e-06,1.65e-06,2669611
1569614400,1569617999,1.65e-06,1.67e-06,1.65e-06,1.67e-06,42803155
1569618000,1569621599,1.67e-06,1.68e-06,1.66e-06,1.66e-06,9262790
1569621600,1569625199,1.66e-06,1.67e-06,1.65e-06,1.65e-06,14484127
1569625200,1569628799,1.65e-06,1.66e-06,1.64e-06,1.64e-06,1237148
1569628800,1569632399,1.64e-06,1.66e-06,1.64e-06,1.66e-06,15962201
1569632400,1569635999,1.66e-06,1.66e-06,1.65e-06,1.66e-06,9140798
1569636000,1569639599,1.66e-06,1.66e-06,1.65e-06,1.66e-06,546318
1569639600,1569643199,1.66e-06,1.67e-06,1.66e-06,1.67e-06,1991031
1569643200,1569646799,1.67e-06,1.67e-06,1.66e-06,1.67e-06,427391
1569646800,1569650399,1.67e-06,1.67e-06,1.65e-06,1.66e-06,6321128
1569650400,1569653999,1.66e-06,1.66e-06,1.64e-06,1.65e-06,770510
1569654000,1569657599,1.65e-06,1.65e-06,1.64e-06,1.65e-06,1942918
1569657600,1569661199,1.65e-06,1.65e-06,1.64e-06,1.65e-06,2963377
1569661200,1569664799,1.65e-06,1.65e-06,1.64e-06,1.65e-06,352030
1569664800,1569668399,1.65e-06,1.65e-06,1.64e-06,1.65e-06,23586677
1569668400,1569671999,1.65e-06,1.65e-06,1.64e-06,1.65e-06,7076375
1569672000,1569675599,1.65e-06,1.65e-06,1.63e-06,1.63e-06,18209668
1569675600,1569679199,1.63e-06,1.66e-06,1.63e-06,1.66e-06,11717224
1569679200,1569682799,1.66e-06,1.66e-06,1.65e-06,1.65e-06,4429923
1569682800,1569686399,1.65e-06,1.66e-06,1.64e-06,1.64e-06,7818752
1569686400,1569689999,1.64e-06,1.66e-06,1.64e-06,1.66e-06,5093333
1569690000,1569693599,1.66e-06,1.66e-06,1.65e-06,1.65e-06,409507
1569693600,1569697199,1.65e-06,1.66e-06,1.65e-06,1.66e-06,1046993
1569697200,1569700799,1.66e-06,1.66e-06,1.65e-06,1.66e-06,560188
1569700800,1569704399,1.66e-06,1.66e-06,1.65e-06,1.65e-06,960334
1569704400,1569707999,1.65e-06,1.66e-06,1.65e-06,1.65e-06,244265
1569708000,1569711599,1.65e-06,1.66e-06,1.64e-06,1.65e-06,16478973
1569711600,1569715199,1.65e-06,1.65e-06,1.64e-06,1.65e-06,5920638
1569715200,1569718799,1.65e-06,1.66e-06,1.64e-06,1.65e-06,4199885
1569718800,1569722399,1.65e-06,1.65e-06,1.64e-06,1.64e-06,421450
1569722400,1569725999,1.64e-06,1.65e-06,1.64e-06,1.64e-06,879327
1569726000,1569729599,1.64e-06,1.65e-06,1.64e-06,1.65e-06,1744095
1569729600,1569733199,1.65e-06,1.65e-06,1.64e-06,1.64e-06,995051
1569733200,1569736799,1.64e-06,1.65e-06,1.64e-06,1.65e-06,278687
1569736800,1569740399,1.65e-06,1.65e-06,1.64e-06,1.64e-06,1728424
1569740400,1569743999,1.64e-06,1.65e-06,1.64e-06,1.64e-06,4701366
1569744000,1569747599,1.64e-06,1.65e-06,1.64e-06,1.64e-06,2790816
1569747600,1569751199,1.64e-06,1.64e-06,1.63e-06,1.64e-06,1834358
1569751200,1569754799,1.64e-06,1.64e-06,1.63e-06,1.64e-06,1199562
1569754800,1569758399,1.64e-06,1.64e-06,1.63e-06,1.63e-06,4463330
1569758400,1569761999,1.63e-06,1.64e-06,1.59e-06,1.6e-06,61222431
1569762000,1569765599,1.6e-06,1.61e-06,1.6e-06,1.61e-06,4701930
1569765600,1569769199,1.61e-06,1.61e-06,1.6e-06,1.61e-06,4394697
1569769200,1569772799,1.61e-06,1.62e-06,1.6e-06,1.62e-06,15569632
1569772800,1569776399,1.62e-06,1.63e-06,1.62e-06,1.63e-06,4109927
1569776400,1569779999,1.63e-06,1.64e-06,1.62e-06,1.64e-06,11834351
1569780000,1569783599,1.64e-06,1.64e-06,1.63e-06,1.63e-06,15121281
1569783600,1569787199,1.63e-06,1.64e-06,1.63e-06,1.63e-06,744469
1569787200,1569790799,1.63e-06,1.65e-06,1.63e-06,1.65e-06,7928098
1569790800,1569794399,1.65e-06,1.65e-06,1.64e-06,1.65e-06,2792146
1569794400,1569797999,1.65e-06,1.66e-06,1.64e-06,1.65e-06,8331367
1569798000,1569801599,1.65e-06,1.66e-06,1.64e-06,1.65e-06,7136780
1569801600,1569805199,1.65e-06,1.65e-06,1.64e-06,1.65e-06,1998313
1569805200,1569808799,1.65e-06,1.65e-06,1.64e-06,1.65e-06,338646
1569808800,1569812399,1.65e-06,1.64e-06,1.63e-06,1.64e-06,2279148
1569812400,1569815999,1.64e-06,1.64e-06,1.63e-06,1.64e-06,10011
1569816000,1569819599,1.64e-06,1.66e-06,1.63e-06,1.66e-06,7478445
1569819600,1569823199,1.66e-06,1.67e-06,1.65e-06,1.66e-06,4848268
1569823200,1569826799,1.66e-06,1.67e-06,1.66e-06,1.67e-06,668112
1569826800,1569830399,1.67e-06,1.67e-06,1.66e-06,1.67e-06,2093910
1569830400,1569833999,1.67e-06,1.68e-06,1.66e-06,1.66e-06,5406692
1569834000,1569837599,1.66e-06,1.73e-06,1.66e-06,1.72e-06,37962189
1569837600,1569841199,1.72e-06,1.76e-06,1.7e-06,1.74e-06,38845118
1569841200,1569844799,1.74e-06,1.75e-06,1.73e-06,1.75e-06,30779054
1569844800,1569848399,1.75e-06,1.75e-06,1.72e-06,1.72e-06,39151953
1569848400,1569851999,1.72e-06,1.75e-06,1.72e-06,1.74e-06,31983523
1569852000,1569855599,1.74e-06,1.77e-06,1.73e-06,1.74e-06,40373431
1569855600,1569859199,1.74e-06,1.75e-06,1.71e-06,1.72e-06,50127655
1569859200,1569862799,1.72e-06,1.74e-06,1.72e-06,1.73e-06,6112187
1569862800,1569866399,1.73e-06,1.77e-06,1.72e-06,1.76e-06,11511502
1569866400,1569869999,1.76e-06,1.82e-06,1.75e-06,1.77e-06,84428776
1569870000,1569873599,1.77e-06,1.77e-06,1.75e-06,1.76e-06,4142561
1569873600,1569877199,1.76e-06,1.77e-06,1.75e-06,1.75e-06,12828823
1569877200,1569880799,1.75e-06,1.76e-06,1.75e-06,1.75e-06,1035638
1569880800,1569884399,1.75e-06,1.76e-06,1.75e-06,1.75e-06,1899403
1569884400,1569887999,1.75e-06,1.76e-06,1.75e-06,1.75e-06,1622806
1569888000,1569891599,1.75e-06,1.76e-06,1.75e-06,1.76e-06,5529380
1569891600,1569895199,1.76e-06,1.76e-06,1.74e-06,1.75e-06,26349819
1569895200,1569898799,1.75e-06,1.76e-06,1.75e-06,1.76e-06,8358078
1569898800,1569902399,1.76e-06,1.76e-06,1.75e-06,1.75e-06,10509997
1569902400,1569905999,1.75e-06,1.76e-06,1.75e-06,1.75e-06,8092221
1569906000,1569909599,1.75e-06,1.76e-06,1.74e-06,1.75e-06,13014693
1569909600,1569913199,1.75e-06,1.75e-06,1.74e-06,1.74e-06,2724990
1569913200,1569916799,1.74e-06,1.75e-06,1.74e-06,1.75e-06,2463423
1569916800,1569920399,1.75e-06,1.74e-06,1.72e-06,1.72e-06,5321072
1569920400,1569923999,1.72e-06,1.73e-06,1.69e-06,1.7e-06,20213563
1569924000,1569927599,1.7e-06,1.71e-06,1.7e-06,1.7e-06,14310762
1569927600,1569931199,1.7e-06,1.72e-06,1.7e-06,1.72e-06,10958447
1569931200,1569934799,1.72e-06,1.73e-06,1.71e-06,1.71e-06,15967773
1569934800,1569938399,1.71e-06,1.72e-06,1.69e-06,1.7e-06,8157636
1569938400,1569941999,1.7e-06,1.7e-06,1.68e-06,1.68e-06,8779056
1569942000,1569945599,1.68e-06,1.69e-06,1.67e-06,1.69e-06,11989607
1569945600,1569949199,1.69e-06,1.7e-06,1.68e-06,1.68e-06,6507971
1569949200,1569952799,1.68e-06,1.69e-06,1.67e-06,1.67e-06,2837158
1569952800,1569956399,1.67e-06,1.69e-06,1.67e-06,1.67e-06,3433404
1569956400,1569959999,1.67e-06,1.68e-06,1.66e-06,1.68e-06,10227963
1569960000,1569963599,1.68e-06,1.68e-06,1.67e-06,1.68e-06,10082564
1569963600,1569967199,1.68e-06,1.69e-06,1.67e-06,1.69e-06,364496
1569967200,1569970799,1.69e-06,1.69e-06,1.68e-06,1.69e-06,11863990
1569970800,1569974399,1.69e-06,1.69e-06,1.68e-06,1.69e-06,241863
1569974400,1569977999,1.69e-06,1.69e-06,1.67e-06,1.68e-06,6654686
1569978000,1569981599,1.68e-06,1.69e-06,1.67e-06,1.69e-06,6656718
1569981600,1569985199,1.69e-06,1.68e-06,1.68e-06,1.68e-06,1696342
1569985200,1569988799,1.68e-06,1.68e-06,1.67e-06,1.67e-06,1352788
1569988800,1569992399,1.67e-06,1.69e-06,1.67e-06,1.68e-06,8820923
1569992400,1569995999,1.68e-06,1.69e-06,1.67e-06,1.68e-06,4003013
1569996000,1569999599,1.68e-06,1.68e-06,1.67e-06,1.68e-06,1569588
1569999600,1570003199,1.68e-06,1.69e-06,1.67e-06,1.69e-06,4341670
1570003200,1570006799,1.69e-06,1.7e-06,1.68e-06,1.7e-06,2735558
1570006800,1570010399,1.7e-06,1.7e-06,1.69e-06,1.7e-06,1820892
1570010400,1570013999,1.7e-06,1.72e-06,1.69e-06,1.71e-06,4964483
1570014000,1570017599,1.71e-06,1.72e-06,1.71e-06,1.72e-06,14362149
1570017600,1570021199,1.72e-06,1.72e-06,1.71e-06,1.72e-06,2441838
1570021200,1570024799,1.72e-06,1.72e-06,1.71e-06,1.71e-06,12562659
1570024800,1570028399,1.71e-06,1.72e-06,1.7e-06,1.7e-06,10559518
1570028400,1570031999,1.7e-06,1.73e-06,1.7e-06,1.73e-06,15901007
1570032000,1570035599,1.73e-06,1.74e-06,1.73e-06,1.74e-06,3180260
1570035600,1570039199,1.74e-06,1.73e-06,1.71e-06,1.72e-06,11220216
1570039200,1570042799,1.72e-06,1.73e-06,1.72e-06,1.73e-06,7507769
1570042800,1570046399,1.73e-06,1.73e-06,1.72e-06,1.73e-06,267359
1570046400,1570049999,1.73e-06,1.73e-06,1.72e-06,1.72e-06,2175085
1570050000,1570053599,1.72e-06,1.73e-06,1.72e-06,1.73e-06,532256
1570053600,1570057199,1.73e-06,1.73e-06,1.72e-06,1.72e-06,2745989
1570057200,1570060799,1.72e-06,1.73e-06,1.72e-06,1.72e-06,6274950
1570060800,1570064399,1.72e-06,1.72e-06,1.71e-06,1.72e-06,3570887
1570064400,1570067999,1.72e-06,1.72e-06,1.71e-06,1.72e-06,737138
1570068000,1570071599,1.72e-06,1.72e-06,1.72e-06,1.72e-06,5726266
1570071600,1570075199,1.72e-06,1.73e-06,1.72e-06,1.73e-06,4898321
1570075200,1570078799,1.73e-06,1.73e-06,1.72e-06,1.73e-06,4969585
1570078800,1570082399,1.73e-06,1.73e-06,1.72e-06,1.73e-06,45655
1570082400,1570085999,1.73e-06,1.73e-06,1.72e-06,1.72e-06,829379
1570086000,1570089599,1.72e-06,1.73e-06,1.71e-06,1.71e-06,6458019
1570089600,1570093199,1.71e-06,1.72e-06,1.71e-06,1.72e-06,2364415
1570093200,1570096799,1.72e-06,1.72e-06,1.71e-06,1.71e-06,650029
1570096800,1570100399,1.71e-06,1.72e-06,1.71e-06,1.72e-06,287912
1570100400,1570103999,1.72e-06,1.73e-06,1.71e-06,1.73e-06,3302815
1570104000,1570107599,1.73e-06,1.74e-06,1.72e-06,1.74e-06,1090621
1570107600,1570111199,1.74e-06,1.74e-06,1.73e-06,1.74e-06,6122003
1570111200,1570114799,1.74e-06,1.74e-06,1.72e-06,1.73e-06,16386639
1570114800,1570118399,1.73e-06,1.73e-06,1.71e-06,1.73e-06,5175593
1570118400,1570121999,1.73e-06,1.73e-06,1.72e-06,1.73e-06,2266517
1570122000,1570125599,1.73e-06,1.73e-06,1.72e-06,1.72e-06,3762579
1570125600,1570129199,1.72e-06,1.74e-06,1.72e-06,1.74e-06,5405081
1570129200,1570132799,1.74e-06,1.74e-06,1.71e-06,1.72e-06,7160561
1570132800,1570136399,1.72e-06,1.73e-06,1.72e-06,1.73e-06,2344608
1570136400,1570139999,1.73e-06,1.75e-06,1.72e-06,1.74e-06,10251855
1570140000,1570143599,1.74e-06,1.75e-06,1.74e-06,1.74e-06,2661859
1570143600,1570147199,1.74e-06,1.75e-06,1.73e-06,1.73e-06,5124395
1570147200,1570150799,1.73e-06,1.74e-06,1.73e-06,1.73e-06,599899
1570150800,1570154399,1.73e-06,1.74e-06,1.73e-06,1.73e-06,452701
1570154400,1570157999,1.73e-06,1.75e-06,1.73e-06,1.75e-06,4520671
1570158000,1570161599,1.75e-06,1.75e-06,1.74e-06,1.75e-06,15372
1570161600,1570165199,1.75e-06,1.75e-06,1.74e-06,1.75e-06,189358
1570165200,1570168799,1.75e-06,1.75e-06,1.74e-06,1.75e-06,47127
1570168800,1570172399,1.75e-06,1.75e-06,1.74e-06,1.75e-06,3360391
1570172400,1570175999,1.75e-06,1.76e-06,1.74e-06,1.76e-06,8354935
1570176000,1570179599,1.76e-06,1.76e-06,1.75e-06,1.76e-06,1472683
1570179600,1570183199,1.76e-06,1.77e-06,1.75e-06,1.77e-06,4966932
1570183200,1570186799,1.77e-06,1.78e-06,1.76e-06,1.77e-06,13515923
1570186800,1570190399,1.77e-06,1.77e-06,1.76e-06,1.77e-06,3832744
1570190400,1570193999,1.77e-06,1.77e-06,1.76e-06,1.76e-06,4170966
1570194000,1570197599,1.76e-06,1.78e-06,1.77e-06,1.78e-06,5707596
1570197600,1570201199,1.78e-06,1.78e-06,1.77e-06,1.78e-06,3048096
1570201200,1570204799,1.78e-06,1.78e-06,1.77e-06,1.77e-06,916079
1570204800,1570208399,1.77e-06,1.8e-06,1.77e-06,1.8e-06,13117425
1570208400,1570211999,1.8e-06,1.8e-06,1.76e-06,1.77e-06,37340716
1570212000,1570215599,1.77e-06,1.77e-06,1.76e-06,1.77e-06,1652387
1570215600,1570219199,1.77e-06,1.78e-06,1.76e-06,1.78e-06,10136094
1570219200,1570222799,1.78e-06,1.79e-06,1.78e-06,1.79e-06,11116120
1570222800,1570226399,1.79e-06,1.8e-06,1.78e-06,1.78e-06,2271967
1570226400,1570229999,1.78e-06,1.79e-06,1.78e-06,1.79e-06,1725707
1570230000,1570233599,1.79e-06,1.79e-06,1.77e-06,1.78e-06,13628673
1570233600,1570237199,1.78e-06,1.77e-06,1.76e-06,1.77e-06,5916050
1570237200,1570240799,1.77e-06,1.78e-06,1.76e-06,1.78e-06,6200763
1570240800,1570244399,1.78e-06,1.78e-06,1.77e-06,1.78e-06,6830489
1570244400,1570247999,1.78e-06,1.78e-06,1.77e-06,1.77e-06,700663
1570248000,1570251599,1.77e-06,1.78e-06,1.77e-06,1.78e-06,629069
1570251600,1570255199,1.78e-06,1.79e-06,1.77e-06,1.79e-06,6631085
1570255200,1570258799,1.79e-06,1.79e-06,1.78e-06,1.79e-06,2794749
1570258800,1570262399,1.79e-06,1.79e-06,1.78e-06,1.79e-06,173950
1570262400,1570265999,1.79e-06,1.79e-06,1.78e-06,1.79e-06,6899328
1570266000,1570269599,1.79e-06,1.79e-06,1.78e-06,1.79e-06,677529
1570269600,1570273199,1.79e-06,1.79e-06,1.78e-06,1.79e-06,143012
1570273200,1570276799,1.79e-06,1.8e-06,1.78e-06,1.8e-06,15323523
1570276800,1570280399,1.8e-06,1.8e-06,1.78e-06,1.79e-06,14760558
1570280400,1570283999,1.79e-06,1.79e-06,1.78e-06,1.79e-06,4538424
1570284000,1570287599,1.79e-06,1.82e-06,1.78e-06,1.8e-06,35300282
1570287600,1570291199,1.8e-06,1.82e-06,1.8e-06,1.82e-06,41235435
1570291200,1570294799,1.82e-06,1.85e-06,1.81e-06,1.83e-06,142440014
1570294800,1570298399,1.83e-06,1.87e-06,1.83e-06,1.84e-06,65559859
1570298400,1570301999,1.84e-06,1.86e-06,1.84e-06,1.84e-06,21287043
1570302000,1570305599,1.84e-06,1.85e-06,1.83e-06,1.84e-06,10923413
1570305600,1570309199,1.84e-06,1.85e-06,1.82e-06,1.83e-06,24563758
1570309200,1570312799,1.83e-06,1.84e-06,1.82e-06,1.83e-06,15725919
1570312800,1570316399,1.83e-06,1.84e-06,1.82e-06,1.84e-06,7033447
1570316400,1570319999,1.84e-06,1.85e-06,1.83e-06,1.84e-06,13296959
1570320000,1570323599,1.84e-06,1.87e-06,1.83e-06,1.87e-06,11867448
1570323600,1570327199,1.87e-06,1.87e-06,1.84e-06,1.85e-06,16392748
1570327200,1570330799,1.85e-06,1.85e-06,1.83e-06,1.85e-06,15953362
1570330800,1570334399,1.85e-06,1.85e-06,1.84e-06,1.84e-06,6786003
1570334400,1570337999,1.84e-06,1.87e-06,1.84e-06,1.86e-06,9268856
1570338000,1570341599,1.86e-06,1.87e-06,1.86e-06,1.87e-06,2323934
1570341600,1570345199,1.87e-06,1.88e-06,1.85e-06,1.87e-06,21438869
1570345200,1570348799,1.87e-06,1.88e-06,1.84e-06,1.84e-06,28347344
1570348800,1570352399,1.84e-06,1.85e-06,1.83e-06,1.83e-06,25163106
1570352400,1570355999,1.83e-06,1.84e-06,1.82e-06,1.83e-06,10597249
1570356000,1570359599,1.83e-06,1.84e-06,1.82e-06,1.82e-06,2278559
1570359600,1570363199,1.82e-06,1.84e-06,1.82e-06,1.84e-06,6763606
1570363200,1570366799,1.84e-06,1.85e-06,1.84e-06,1.85e-06,949872
1570366800,1570370399,1.85e-06,1.85e-06,1.84e-06,1.85e-06,2467036
1570370400,1570373999,1.85e-06,1.85e-06,1.83e-06,1.85e-06,8112799
1570374000,1570377599,1.85e-06,1.85e-06,1.84e-06,1.84e-06,3491706
1570377600,1570381199,1.84e-06,1.86e-06,1.84e-06,1.86e-06,7460835
1570381200,1570384799,1.86e-06,1.86e-06,1.84e-06,1.85e-06,3028417
1570384800,1570388399,1.85e-06,1.85e-06,1.82e-06,1.83e-06,33951306
1570388400,1570391999,1.83e-06,1.84e-06,1.82e-06,1.83e-06,11194383
1570392000,1570395599,1.83e-06,1.84e-06,1.82e-06,1.83e-06,11060045
1570395600,1570399199,1.83e-06,1.84e-06,1.82e-06,1.84e-06,7425881
1570399200,1570402799,1.84e-06,1.84e-06,1.83e-06,1.84e-06,4216480
1570402800,1570406399,1.84e-06,1.84e-06,1.82e-06,1.83e-06,9204369
1570406400,1570409999,1.83e-06,1.84e-06,1.82e-06,1.84e-06,7323904
1570410000,1570413599,1.84e-06,1.84e-06,1.83e-06,1.84e-06,1989563
1570413600,1570417199,1.84e-06,1.84e-06,1.83e-06,1.84e-06,2839295
1570417200,1570420799,1.84e-06,1.88e-06,1.83e-06,1.88e-06,26710393
1570420800,1570424399,1.88e-06,1.88e-06,1.87e-06,1.87e-06,6081819
1570424400,1570427999,1.87e-06,1.89e-06,1.87e-06,1.89e-06,22356593
1570428000,1570431599,1.89e-06,1.89e-06,1.88e-06,1.89e-06,2007755
1570431600,1570435199,1.89e-06,1.96e-06,1.88e-06,1.96e-06,62800477
1570435200,1570438799,1.96e-06,1.97e-06,1.93e-06,1.95e-06,32871788
1570438800,1570442399,1.95e-06,1.97e-06,1.93e-06,1.95e-06,20992855
1570442400,1570445999,1.95e-06,1.96e-06,1.92e-06,1.92e-06,43761492
1570446000,1570449599,1.92e-06,1.95e-06,1.91e-06,1.94e-06,28212474
1570449600,1570453199,1.94e-06,1.97e-06,1.92e-06,1.93e-06,33709193
1570453200,1570456799,1.93e-06,1.95e-06,1.93e-06,1.94e-06,8548016
1570456800,1570460399,1.94e-06,1.94e-06,1.92e-06,1.94e-06,14254787
1570460400,1570463999,1.94e-06,1.94e-06,1.92e-06,1.94e-06,6975423
1570464000,1570467599,1.94e-06,2.02e-06,1.93e-06,1.98e-06,34301520
1570467600,1570471199,1.98e-06,2e-06,1.96e-06,1.98e-06,14995866
1570471200,1570474799,1.98e-06,1.98e-06,1.94e-06,1.98e-06,23248321
1570474800,1570478399,1.98e-06,1.98e-06,1.97e-06,1.97e-06,5462653
1570478400,1570481999,1.97e-06,2e-06,1.95e-06,1.96e-06,24407351
1570482000,1570485599,1.96e-06,1.98e-06,1.95e-06,1.98e-06,9730843
1570485600,1570489199,1.98e-06,1.98e-06,1.95e-06,1.97e-06,21135502
1570489200,1570492799,1.97e-06,2e-06,1.96e-06,1.99e-06,59663060
1570492800,1570496399,1.99e-06,1.99e-06,1.97e-06,1.97e-06,18439661
1570496400,1570499999,1.97e-06,1.99e-06,1.96e-06,1.99e-06,9552757
1570500000,1570503599,1.99e-06,2e-06,1.97e-06,1.98e-06,11315312
1570503600,1570507199,1.98e-06,2e-06,1.96e-06,1.98e-06,13997321
1570507200,1570510799,1.98e-06,1.99e-06,1.96e-06,1.97e-06,19968680
1570510800,1570514399,1.97e-06,1.99e-06,1.96e-06,1.98e-06,7565754
1570514400,1570517999,1.98e-06,1.98e-06,1.97e-06,1.98e-06,324272
1570518000,1570521599,1.98e-06,1.98e-06,1.96e-06,1.97e-06,5410238
1570521600,1570525199,1.97e-06,1.97e-06,1.94e-06,1.96e-06,20169149
1570525200,1570528799,1.96e-06,1.96e-06,1.95e-06,1.95e-06,2014217
1570528800,1570532399,1.95e-06,1.97e-06,1.95e-06,1.97e-06,7598811
1570532400,1570535999,1.97e-06,1.99e-06,1.96e-06,1.99e-06,14624954
1570536000,1570539599,1.99e-06,2.01e-06,1.98e-06,1.98e-06,14223103
1570539600,1570543199,1.98e-06,2.04e-06,1.98e-06,2.01e-06,45348007
1570543200,1570546799,2.01e-06,2.01e-06,1.98e-06,2e-06,24695039
1570546800,1570550399,2e-06,2.01e-06,2e-06,2.01e-06,7091985
1570550400,1570553999,2.01e-06,2.03e-06,2e-06,2.02e-06,14466564
1570554000,1570557599,2.02e-06,2.08e-06,2.02e-06,2.06e-06,62258213
1570557600,1570561199,2.06e-06,2.06e-06,2.04e-06,2.05e-06,20182432
1570561200,1570564799,2.05e-06,2.07e-06,2.04e-06,2.05e-06,24556237
1570564800,1570568399,2.05e-06,2.06e-06,2.04e-06,2.05e-06,14971214
1570568400,1570571999,2.05e-06,2.05e-06,2.04e-06,2.04e-06,2683177
1570572000,1570575599,2.04e-06,2.09e-06,2.04e-06,2.09e-06,33052784
1570575600,1570579199,2.09e-06,2.1e-06,2.06e-06,2.07e-06,52730820
1570579200,1570582799,2.07e-06,2.07e-06,2.05e-06,2.05e-06,16576510
1570582800,1570586399,2.05e-06,2.06e-06,2.04e-06,2.05e-06,6787697
1570586400,1570589999,2.05e-06,2.05e-06,2.03e-06,2.03e-06,16971523
1570590000,1570593599,2.03e-06,2.05e-06,2.03e-06,2.04e-06,10383700
1570593600,1570597199,2.04e-06,2.05e-06,2.04e-06,2.04e-06,6107795
1570597200,1570600799,2.04e-06,2.05e-06,2.04e-06,2.05e-06,2754814
1570600800,1570604399,2.05e-06,2.05e-06,2.04e-06,2.05e-06,10686342
1570604400,1570607999,2.05e-06,2.08e-06,2.05e-06,2.07e-06,11710726
1570608000,1570611599,2.07e-06,2.07e-06,2.06e-06,2.07e-06,2025708
1570611600,1570615199,2.07e-06,2.08e-06,2.06e-06,2.06e-06,10958829
1570615200,1570618799,2.06e-06,2.07e-06,2.04e-06,2.05e-06,24423376
1570618800,1570622399,2.05e-06,2.08e-06,2.05e-06,2.08e-06,19103802
1570622400,1570625999,2.08e-06,2.08e-06,2.05e-06,2.05e-06,22523032
1570626000,1570629599,2.05e-06,2.07e-06,2.05e-06,2.07e-06,9737354
1570629600,1570633199,2.07e-06,2.09e-06,2e-06,2.01e-06,121207335
1570633200,1570636799,2.01e-06,2.01e-06,1.94e-06,1.98e-06,108536078
1570636800,1570640399,1.98e-06,2e-06,1.96e-06,1.96e-06,49721325
1570640400,1570643999,1.96e-06,1.97e-06,1.93e-06,1.93e-06,29509497
1570644000,1570647599,1.93e-06,1.96e-06,1.93e-06,1.96e-06,19873166
1570647600,1570651199,1.96e-06,1.97e-06,1.95e-06,1.96e-06,16374865
1570651200,1570654799,1.96e-06,1.96e-06,1.95e-06,1.96e-06,2033757
1570654800,1570658399,1.96e-06,1.98e-06,1.95e-06,1.97e-06,5857577
1570658400,1570661999,1.97e-06,1.98e-06,1.97e-06,1.98e-06,12995623
1570662000,1570665599,1.98e-06,1.98e-06,1.97e-06,1.97e-06,863462
1570665600,1570669199,1.97e-06,1.98e-06,1.96e-06,1.96e-06,3685768
1570669200,1570672799,1.96e-06,1.97e-06,1.94e-06,1.94e-06,13847600
1570672800,1570676399,1.94e-06,1.96e-06,1.93e-06,1.95e-06,16198430
1570676400,1570679999,1.95e-06,1.96e-06,1.94e-06,1.94e-06,2972365
1570680000,1570683599,1.94e-06,1.94e-06,1.91e-06,1.93e-06,35575627
1570683600,1570687199,1.93e-06,1.93e-06,1.9e-06,1.92e-06,17046752
1570687200,1570690799,1.92e-06,1.93e-06,1.89e-06,1.9e-06,17959841
1570690800,1570694399,1.9e-06,1.9e-06,1.89e-06,1.89e-06,12721539
1570694400,1570697999,1.89e-06,1.91e-06,1.88e-06,1.88e-06,37414408
1570698000,1570701599,1.88e-06,1.89e-06,1.88e-06,1.89e-06,22306720
1570701600,1570705199,1.89e-06,1.89e-06,1.87e-06,1.89e-06,39809022
1570705200,1570708799,1.89e-06,1.91e-06,1.88e-06,1.9e-06,17835967
1570708800,1570712399,1.9e-06,1.91e-06,1.88e-06,1.91e-06,18352468
1570712400,1570715999,1.91e-06,1.92e-06,1.9e-06,1.91e-06,9479682
1570716000,1570719599,1.91e-06,1.92e-06,1.91e-06,1.92e-06,6039588
1570719600,1570723199,1.92e-06,1.93e-06,1.91e-06,1.92e-06,9731032
1570723200,1570726799,1.92e-06,1.93e-06,1.9e-06,1.91e-06,18082871
1570726800,1570730399,1.91e-06,1.91e-06,1.89e-06,1.9e-06,11834816
1570730400,1570733999,1.9e-06,1.91e-06,1.9e-06,1.91e-06,1726551
1570734000,1570737599,1.91e-06,1.91e-06,1.9e-06,1.91e-06,11586757
1570737600,1570741199,1.91e-06,1.91e-06,1.89e-06,1.89e-06,5838028
1570741200,1570744799,1.89e-06,1.91e-06,1.89e-06,1.9e-06,3215689
1570744800,1570748399,1.9e-06,1.91e-06,1.89e-06,1.89e-06,2967242
1570748400,1570751999,1.89e-06,1.9e-06,1.89e-06,1.89e-06,2498151
1570752000,1570755599,1.89e-06,1.9e-06,1.87e-06,1.88e-06,20637399
1570755600,1570759199,1.88e-06,1.89e-06,1.88e-06,1.89e-06,912654
1570759200,1570762799,1.89e-06,1.9e-06,1.88e-06,1.9e-06,2688307
1570762800,1570766399,1.9e-06,1.9e-06,1.89e-06,1.9e-06,2013402
1570766400,1570769999,1.9e-06,1.91e-06,1.88e-06,1.88e-06,15899330
1570770000,1570773599,1.88e-06,1.9e-06,1.87e-06,1.9e-06,16534383
1570773600,1570777199,1.9e-06,1.91e-06,1.88e-06,1.89e-06,11315155
1570777200,1570780799,1.89e-06,1.9e-06,1.88e-06,1.88e-06,9356770
1570780800,1570784399,1.88e-06,1.89e-06,1.86e-06,1.89e-06,20280144
1570784400,1570787999,1.89e-06,1.91e-06,1.88e-06,1.91e-06,15205197
1570788000,1570791599,1.91e-06,1.91e-06,1.9e-06,1.91e-06,8197299
1570791600,1570795199,1.91e-06,1.91e-06,1.9e-06,1.91e-06,6446587
1570795200,1570798799,1.91e-06,1.91e-06,1.9e-06,1.91e-06,9844629
1570798800,1570802399,1.91e-06,1.93e-06,1.9e-06,1.93e-06,15046424
1570802400,1570805999,1.93e-06,1.93e-06,1.91e-06,1.92e-06,7759434
1570806000,1570809599,1.92e-06,1.94e-06,1.91e-06,1.93e-06,5171054
1570809600,1570813199,1.93e-06,1.94e-06,1.91e-06,1.91e-06,8699210
1570813200,1570816799,1.91e-06,1.92e-06,1.88e-06,1.89e-06,19225288
1570816800,1570820399,1.89e-06,1.91e-06,1.88e-06,1.91e-06,14364919
1570820400,1570823999,1.91e-06,1.91e-06,1.9e-06,1.91e-06,4542793
1570824000,1570827599,1.91e-06,1.91e-06,1.9e-06,1.9e-06,343419
1570827600,1570831199,1.9e-06,1.91e-06,1.9e-06,1.9e-06,349326
1570831200,1570834799,1.9e-06,1.91e-06,1.9e-06,1.9e-06,155278
1570834800,1570838399,1.9e-06,1.91e-06,1.9e-06,1.9e-06,1429035
1570838400,1570841999,1.9e-06,1.92e-06,1.91e-06,1.92e-06,7877321
1570842000,1570845599,1.92e-06,1.92e-06,1.91e-06,1.91e-06,1296333
1570845600,1570849199,1.91e-06,1.93e-06,1.92e-06,1.93e-06,5907941
1570849200,1570852799,1.93e-06,1.93e-06,1.92e-06,1.93e-06,850365
1570852800,1570856399,1.93e-06,1.94e-06,1.93e-06,1.94e-06,11401758
1570856400,1570859999,1.94e-06,1.94e-06,1.92e-06,1.92e-06,4430741
1570860000,1570863599,1.92e-06,1.94e-06,1.92e-06,1.93e-06,7626594
1570863600,1570867199,1.93e-06,1.94e-06,1.92e-06,1.92e-06,1834436
1570867200,1570870799,1.92e-06,1.93e-06,1.92e-06,1.93e-06,7226118
1570870800,1570874399,1.93e-06,1.93e-06,1.92e-06,1.93e-06,2311124
1570874400,1570877999,1.93e-06,1.93e-06,1.92e-06,1.93e-06,1743796
1570878000,1570881599,1.93e-06,1.93e-06,1.92e-06,1.93e-06,2451213
1570881600,1570885199,1.93e-06,1.93e-06,1.92e-06,1.92e-06,727346
1570885200,1570888799,1.92e-06,1.93e-06,1.92e-06,1.93e-06,521898
1570888800,1570892399,1.93e-06,1.93e-06,1.91e-06,1.91e-06,4661981
1570892400,1570895999,1.91e-06,1.92e-06,1.89e-06,1.89e-06,19127628
1570896000,1570899599,1.89e-06,1.9e-06,1.89e-06,1.9e-06,8422723
1570899600,1570903199,1.9e-06,1.91e-06,1.89e-06,1.9e-06,6989048
1570903200,1570906799,1.9e-06,1.91e-06,1.89e-06,1.89e-06,5318833
1570906800,1570910399,1.89e-06,1.9e-06,1.89e-06,1.89e-06,2501703
1570910400,1570913999,1.89e-06,1.9e-06,1.87e-06,1.88e-06,12046820
1570914000,1570917599,1.88e-06,1.88e-06,1.87e-06,1.88e-06,2984395
1570917600,1570921199,1.88e-06,1.89e-06,1.87e-06,1.89e-06,9436721
1570921200,1570924799,1.89e-06,1.89e-06,1.88e-06,1.88e-06,4315485
1570924800,1570928399,1.88e-06,1.89e-06,1.88e-06,1.88e-06,666454
1570928400,1570931999,1.88e-06,1.89e-06,1.88e-06,1.89e-06,3940614
1570932000,1570935599,1.89e-06,1.89e-06,1.88e-06,1.89e-06,2116228
1570935600,1570939199,1.89e-06,1.9e-06,1.89e-06,1.89e-06,2239378
1570939200,1570942799,1.89e-06,1.9e-06,1.89e-06,1.89e-06,5180870
1570942800,1570946399,1.89e-06,1.9e-06,1.89e-06,1.9e-06,46888
1570946400,1570949999,1.9e-06,1.9e-06,1.9e-06,1.9e-06,1271504
1570950000,1570953599,1.9e-06,1.92e-06,1.89e-06,1.92e-06,10236019
1570953600,1570957199,1.92e-06,1.93e-06,1.91e-06,1.92e-06,10018923
1570957200,1570960799,1.92e-06,1.94e-06,1.92e-06,1.92e-06,18198928
1570960800,1570964399,1.92e-06,1.94e-06,1.92e-06,1.94e-06,9174425
1570964400,1570967999,1.94e-06,1.96e-06,1.93e-06,1.95e-06,27066802
1570968000,1570971599,1.95e-06,1.96e-06,1.93e-06,1.94e-06,24125197
1570971600,1570975199,1.94e-06,1.94e-06,1.93e-06,1.93e-06,5957601
1570975200,1570978799,1.93e-06,1.94e-06,1.92e-06,1.94e-06,9993323
1570978800,1570982399,1.94e-06,1.94e-06,1.93e-06,1.94e-06,2844380
1570982400,1570985999,1.94e-06,1.95e-06,1.93e-06,1.93e-06,5060391
1570986000,1570989599,1.93e-06,1.94e-06,1.93e-06,1.93e-06,412624
1570989600,1570993199,1.93e-06,1.94e-06,1.93e-06,1.93e-06,2195668
1570993200,1570996799,1.93e-06,1.94e-06,1.93e-06,1.94e-06,2771559
1570996800,1571000399,1.94e-06,1.97e-06,1.93e-06,1.96e-06,17818849
1571000400,1571003999,1.96e-06,1.97e-06,1.95e-06,1.96e-06,4333336
1571004000,1571007599,1.96e-06,1.96e-06,1.94e-06,1.95e-06,6728136
1571007600,1571011199,1.95e-06,1.95e-06,1.94e-06,1.94e-06,3209362
1571011200,1571014799,1.94e-06,1.96e-06,1.94e-06,1.96e-06,6144667
1571014800,1571018399,1.96e-06,2e-06,1.95e-06,2e-06,42564286
1571018400,1571021999,2e-06,2.02e-06,1.99e-06,2.01e-06,30773843
1571022000,1571025599,2.01e-06,2.01e-06,2e-06,2e-06,4002360
1571025600,1571029199,2e-06,2.01e-06,2e-06,2e-06,6261575
1571029200,1571032799,2e-06,2.02e-06,2e-06,2.01e-06,14825800
1571032800,1571036399,2.01e-06,2.02e-06,2.01e-06,2.02e-06,3594711
1571036400,1571039999,2.02e-06,2.02e-06,2.01e-06,2.02e-06,6826027
1571040000,1571043599,2.02e-06,2.02e-06,2.01e-06,2.01e-06,6769712
1571043600,1571047199,2.01e-06,2.02e-06,2e-06,2e-06,15426364
1571047200,1571050799,2e-06,2.01e-06,2e-06,2e-06,2505021
1571050800,1571054399,2e-06,2.01e-06,2e-06,2.01e-06,2997306
1571054400,1571057999,2.01e-06,2.01e-06,2e-06,2e-06,783099
1571058000,1571061599,2e-06,2.02e-06,2e-06,2.02e-06,10105244
1571061600,1571065199,2.02e-06,2.02e-06,2.01e-06,2.01e-06,1004183
1571065200,1571068799,2.01e-06,2.02e-06,2.01e-06,2.01e-06,2146835
1571068800,1571072399,2.01e-06,2.02e-06,2e-06,2.02e-06,60752603
1571072400,1571075999,2.02e-06,2.02e-06,2e-06,2e-06,9011649
1571076000,1571079599,2e-06,2.01e-06,2e-06,2e-06,3512971
1571079600,1571083199,2e-06,2.01e-06,2e-06,2.01e-06,1907343
1571083200,1571086799,2.01e-06,2.01e-06,2e-06,2e-06,6622503
1571086800,1571090399,2e-06,2.02e-06,2e-06,2.02e-06,4376207
1571090400,1571093999,2.02e-06,2.02e-06,2e-06,2e-06,7799263
1571094000,1571097599,2e-06,2.01e-06,2e-06,2.01e-06,1704200
1571097600,1571101199,2.01e-06,2.02e-06,2e-06,2.02e-06,25099338
1571101200,1571104799,2.02e-06,2.02e-06,2.01e-06,2.02e-06,1275245
1571104800,1571108399,2.02e-06,2.02e-06,2e-06,2.01e-06,11149094
1571108400,1571111999,2.01e-06,2.01e-06,1.99e-06,2.01e-06,20689291
1571112000,1571115599,2.01e-06,2.01e-06,2e-06,2.01e-06,5213832
1571115600,1571119199,2.01e-06,2.02e-06,2e-06,2.02e-06,5305316
1571119200,1571122799,2.02e-06,2.02e-06,2.01e-06,2.02e-06,2780371
1571122800,1571126399,2.02e-06,2.02e-06,2.01e-06,2.01e-06,2944062
1571126400,1571129999,2.01e-06,2.02e-06,1.98e-06,1.98e-06,34924776
1571130000,1571133599,1.98e-06,1.99e-06,1.97e-06,1.98e-06,10321257
1571133600,1571137199,1.98e-06,2.01e-06,1.97e-06,2e-06,45186304
1571137200,1571140799,2e-06,2e-06,1.99e-06,1.99e-06,2515281
1571140800,1571144399,1.99e-06,2e-06,1.99e-06,2e-06,891577
1571144400,1571147999,2e-06,1.99e-06,1.98e-06,1.99e-06,3089037
1571148000,1571151599,1.99e-06,1.99e-06,1.98e-06,1.98e-06,1482739
1571151600,1571155199,1.98e-06,1.99e-06,1.98e-06,1.98e-06,2577930
1571155200,1571158799,1.98e-06,1.98e-06,1.88e-06,1.94e-06,143626755
1571158800,1571162399,1.94e-06,1.94e-06,1.88e-06,1.91e-06,89829825
1571162400,1571165999,1.91e-06,1.92e-06,1.89e-06,1.91e-06,24456534
1571166000,1571169599,1.91e-06,1.91e-06,1.89e-06,1.9e-06,6701236
1571169600,1571173199,1.9e-06,1.91e-06,1.88e-06,1.9e-06,21224368
1571173200,1571176799,1.9e-06,1.9e-06,1.88e-06,1.89e-06,13774151
1571176800,1571180399,1.89e-06,1.9e-06,1.89e-06,1.89e-06,836876
1571180400,1571183999,1.89e-06,1.91e-06,1.89e-06,1.91e-06,6711734
1571184000,1571187599,1.91e-06,1.92e-06,1.9e-06,1.91e-06,3885751
1571187600,1571191199,1.91e-06,1.92e-06,1.91e-06,1.91e-06,5218551
1571191200,1571194799,1.91e-06,1.92e-06,1.91e-06,1.92e-06,453097
1571194800,1571198399,1.92e-06,1.92e-06,1.91e-06,1.92e-06,349640
1571198400,1571201999,1.92e-06,1.92e-06,1.9e-06,1.91e-06,4567063
1571202000,1571205599,1.91e-06,1.92e-06,1.9e-06,1.9e-06,2101563
1571205600,1571209199,1.9e-06,1.91e-06,1.9e-06,1.91e-06,794633
1571209200,1571212799,1.91e-06,1.91e-06,1.9e-06,1.9e-06,1613943
1571212800,1571216399,1.9e-06,1.92e-06,1.9e-06,1.92e-06,8524037
1571216400,1571219999,1.92e-06,1.92e-06,1.91e-06,1.92e-06,4235800
1571220000,1571223599,1.92e-06,1.92e-06,1.91e-06,1.92e-06,460485
1571223600,1571227199,1.92e-06,1.93e-06,1.91e-06,1.92e-06,18059749
1571227200,1571230799,1.92e-06,1.92e-06,1.83e-06,1.86e-06,103519540
1571230800,1571234399,1.86e-06,1.89e-06,1.85e-06,1.86e-06,22727151
1571234400,1571237999,1.86e-06,1.87e-06,1.85e-06,1.85e-06,7088285
1571238000,1571241599,1.85e-06,1.86e-06,1.84e-06,1.85e-06,28174493
1571241600,1571245199,1.85e-06,1.88e-06,1.85e-06,1.87e-06,32719434
1571245200,1571248799,1.87e-06,1.87e-06,1.86e-06,1.87e-06,828545
1571248800,1571252399,1.87e-06,1.87e-06,1.86e-06,1.87e-06,524650
1571252400,1571255999,1.87e-06,1.87e-06,1.86e-06,1.86e-06,1756061
1571256000,1571259599,1.86e-06,1.87e-06,1.86e-06,1.87e-06,2251254
1571259600,1571263199,1.87e-06,1.88e-06,1.86e-06,1.88e-06,1580781
1571263200,1571266799,1.88e-06,1.88e-06,1.87e-06,1.87e-06,3244388
1571266800,1571270399,1.87e-06,1.88e-06,1.87e-06,1.88e-06,4957234
1571270400,1571273999,1.88e-06,1.89e-06,1.88e-06,1.88e-06,6431389
1571274000,1571277599,1.88e-06,1.88e-06,1.84e-06,1.85e-06,18466375
1571277600,1571281199,1.85e-06,1.86e-06,1.84e-06,1.86e-06,2331696
1571281200,1571284799,1.86e-06,1.86e-06,1.83e-06,1.84e-06,3008994
1571284800,1571288399,1.84e-06,1.84e-06,1.81e-06,1.82e-06,10254137
1571288400,1571291999,1.82e-06,1.84e-06,1.82e-06,1.83e-06,7194225
1571292000,1571295599,1.83e-06,1.84e-06,1.83e-06,1.84e-06,2527361
1571295600,1571299199,1.84e-06,1.85e-06,1.83e-06,1.85e-06,3760973
1571299200,1571302799,1.85e-06,1.9e-06,1.84e-06,1.9e-06,55058341
1571302800,1571306399,1.9e-06,1.91e-06,1.88e-06,1.88e-06,16322388
1571306400,1571309999,1.88e-06,1.89e-06,1.88e-06,1.89e-06,4345797
1571310000,1571313599,1.89e-06,1.89e-06,1.86e-06,1.87e-06,18982379
1571313600,1571317199,1.87e-06,1.88e-06,1.86e-06,1.87e-06,10376870
1571317200,1571320799,1.87e-06,1.89e-06,1.87e-06,1.88e-06,14682569
1571320800,1571324399,1.88e-06,1.89e-06,1.85e-06,1.86e-06,37867223
1571324400,1571327999,1.86e-06,1.89e-06,1.86e-06,1.88e-06,15621947
1571328000,1571331599,1.88e-06,1.89e-06,1.87e-06,1.89e-06,11281288
1571331600,1571335199,1.89e-06,1.9e-06,1.88e-06,1.89e-06,13617329
1571335200,1571338799,1.89e-06,1.9e-06,1.89e-06,1.89e-06,3810485
1571338800,1571342399,1.89e-06,1.89e-06,1.88e-06,1.89e-06,2833486
1571342400,1571345999,1.89e-06,1.89e-06,1.88e-06,1.89e-06,2412641
1571346000,1571349599,1.89e-06,1.89e-06,1.87e-06,1.87e-06,14339075
1571349600,1571353199,1.87e-06,1.89e-06,1.87e-06,1.89e-06,13165094
1571353200,1571356799,1.89e-06,1.89e-06,1.88e-06,1.89e-06,3200908
1571356800,1571360399,1.89e-06,1.89e-06,1.88e-06,1.89e-06,1890438
1571360400,1571363999,1.89e-06,1.89e-06,1.87e-06,1.88e-06,6241436
1571364000,1571367599,1.88e-06,1.88e-06,1.87e-06,1.88e-06,1316265
1571367600,1571371199,1.88e-06,1.88e-06,1.87e-06,1.87e-06,656550
1571371200,1571374799,1.87e-06,1.88e-06,1.87e-06,1.87e-06,520141
1571374800,1571378399,1.87e-06,1.88e-06,1.87e-06,1.88e-06,1795377
1571378400,1571381999,1.88e-06,1.88e-06,1.85e-06,1.86e-06,16063247
1571382000,1571385599,1.86e-06,1.86e-06,1.85e-06,1.86e-06,1713812
1571385600,1571389199,1.86e-06,1.86e-06,1.83e-06,1.84e-06,27798189
1571389200,1571392799,1.84e-06,1.86e-06,1.84e-06,1.85e-06,11186511
1571392800,1571396399,1.85e-06,1.89e-06,1.85e-06,1.87e-06,22023396
1571396400,1571399999,1.87e-06,1.9e-06,1.86e-06,1.89e-06,17311226
1571400000,1571403599,1.89e-06,1.9e-06,1.88e-06,1.89e-06,5260696
1571403600,1571407199,1.89e-06,1.89e-06,1.87e-06,1.88e-06,19341691
1571407200,1571410799,1.88e-06,1.89e-06,1.87e-06,1.88e-06,4134399
1571410800,1571414399,1.88e-06,1.89e-06,1.87e-06,1.88e-06,9542370
1571414400,1571417999,1.88e-06,1.89e-06,1.87e-06,1.88e-06,8544231
1571418000,1571421599,1.88e-06,1.88e-06,1.86e-06,1.88e-06,7099886
1571421600,1571425199,1.88e-06,1.9e-06,1.87e-06,1.9e-06,11391247
1571425200,1571428799,1.9e-06,1.96e-06,1.89e-06,1.95e-06,49238722
1571428800,1571432399,1.95e-06,1.95e-06,1.92e-06,1.93e-06,13356481
1571432400,1571435999,1.93e-06,1.94e-06,1.92e-06,1.94e-06,2805852
1571436000,1571439599,1.94e-06,1.96e-06,1.93e-06,1.95e-06,14239106
1571439600,1571443199,1.95e-06,1.95e-06,1.93e-06,1.94e-06,4432116
1571443200,1571446799,1.94e-06,1.95e-06,1.93e-06,1.94e-06,10250395
1571446800,1571450399,1.94e-06,1.94e-06,1.92e-06,1.93e-06,5712621
1571450400,1571453999,1.93e-06,1.93e-06,1.92e-06,1.92e-06,9910515
1571454000,1571457599,1.92e-06,1.94e-06,1.93e-06,1.94e-06,4477989
1571457600,1571461199,1.94e-06,1.96e-06,1.93e-06,1.94e-06,15634150
1571461200,1571464799,1.94e-06,1.95e-06,1.94e-06,1.94e-06,2623209
1571464800,1571468399,1.94e-06,1.95e-06,1.94e-06,1.95e-06,3008497
1571468400,1571471999,1.95e-06,1.95e-06,1.94e-06,1.94e-06,7651988
1571472000,1571475599,1.94e-06,1.97e-06,1.94e-06,1.97e-06,12076307
1571475600,1571479199,1.97e-06,1.98e-06,1.96e-06,1.98e-06,11280815
1571479200,1571482799,1.98e-06,1.98e-06,1.96e-06,1.96e-06,22424267
1571482800,1571486399,1.96e-06,1.97e-06,1.95e-06,1.97e-06,6584773
1571486400,1571489999,1.97e-06,1.98e-06,1.95e-06,1.95e-06,16825978
1571490000,1571493599,1.95e-06,1.96e-06,1.94e-06,1.95e-06,23303221
1571493600,1571497199,1.95e-06,1.96e-06,1.94e-06,1.94e-06,8978018
1571497200,1571500799,1.94e-06,1.96e-06,1.94e-06,1.96e-06,3653223
1571500800,1571504399,1.96e-06,1.96e-06,1.93e-06,1.94e-06,8193324
1571504400,1571507999,1.94e-06,1.94e-06,1.93e-06,1.94e-06,6492327
1571508000,1571511599,1.94e-06,1.94e-06,1.93e-06,1.94e-06,2279001
1571511600,1571515199,1.94e-06,1.94e-06,1.92e-06,1.92e-06,15725664
1571515200,1571518799,1.92e-06,1.94e-06,1.92e-06,1.93e-06,5850367
1571518800,1571522399,1.93e-06,1.94e-06,1.93e-06,1.94e-06,2577852
1571522400,1571525999,1.94e-06,1.94e-06,1.93e-06,1.94e-06,489719
1571526000,1571529599,1.94e-06,1.94e-06,1.93e-06,1.94e-06,6440153
1571529600,1571533199,1.94e-06,1.94e-06,1.93e-06,1.94e-06,691478
1571533200,1571536799,1.94e-06,1.94e-06,1.91e-06,1.92e-06,14603321
1571536800,1571540399,1.92e-06,1.92e-06,1.88e-06,1.89e-06,31700224
1571540400,1571543999,1.89e-06,1.91e-06,1.89e-06,1.91e-06,7181917
1571544000,1571547599,1.91e-06,1.91e-06,1.9e-06,1.9e-06,2137933
1571547600,1571551199,1.9e-06,1.91e-06,1.9e-06,1.91e-06,1483952
1571551200,1571554799,1.91e-06,1.91e-06,1.9e-06,1.9e-06,1275833
1571554800,1571558399,1.9e-06,1.91e-06,1.89e-06,1.89e-06,8003106
1571558400,1571561999,1.89e-06,1.9e-06,1.89e-06,1.89e-06,1835905
1571562000,1571565599,1.89e-06,1.91e-06,1.89e-06,1.91e-06,16580524
1571565600,1571569199,1.91e-06,1.91e-06,1.9e-06,1.91e-06,1242600
1571569200,1571572799,1.91e-06,1.91e-06,1.9e-06,1.9e-06,593486
1571572800,1571576399,1.9e-06,1.91e-06,1.89e-06,1.9e-06,7940004
1571576400,1571579999,1.9e-06,1.91e-06,1.9e-06,1.9e-06,7263539
1571580000,1571583599,1.9e-06,1.91e-06,1.9e-06,1.91e-06,3088314
1571583600,1571587199,1.91e-06,1.91e-06,1.9e-06,1.91e-06,1481336
1571587200,1571590799,1.91e-06,1.92e-06,1.9e-06,1.92e-06,14884921
1571590800,1571594399,1.92e-06,1.92e-06,1.9e-06,1.9e-06,14290577
1571594400,1571597999,1.9e-06,1.9e-06,1.88e-06,1.89e-06,7454454
1571598000,1571601599,1.89e-06,1.89e-06,1.85e-06,1.87e-06,22203851
1571601600,1571605199,1.87e-06,1.88e-06,1.86e-06,1.87e-06,25023916
1571605200,1571608799,1.87e-06,1.89e-06,1.87e-06,1.87e-06,2719279
1571608800,1571612399,1.87e-06,1.88e-06,1.87e-06,1.88e-06,5027438
1571612400,1571615999,1.88e-06,1.88e-06,1.87e-06,1.88e-06,7129368
1571616000,1571619599,1.88e-06,1.88e-06,1.87e-06,1.87e-06,11463221
1571619600,1571623199,1.87e-06,1.88e-06,1.86e-06,1.86e-06,7167211
1571623200,1571626799,1.86e-06,1.87e-06,1.86e-06,1.86e-06,5140803
1571626800,1571630399,1.86e-06,1.87e-06,1.86e-06,1.86e-06,6628651
1571630400,1571633999,1.86e-06,1.87e-06,1.85e-06,1.85e-06,10979225
1571634000,1571637599,1.85e-06,1.86e-06,1.85e-06,1.85e-06,507042
1571637600,1571641199,1.85e-06,1.86e-06,1.85e-06,1.86e-06,4101254
1571641200,1571644799,1.86e-06,1.86e-06,1.85e-06,1.86e-06,5075681
1571644800,1571648399,1.86e-06,1.86e-06,1.85e-06,1.86e-06,2821318
1571648400,1571651999,1.86e-06,1.86e-06,1.85e-06,1.86e-06,2260702
1571652000,1571655599,1.86e-06,1.89e-06,1.85e-06,1.89e-06,14184275
1571655600,1571659199,1.89e-06,1.89e-06,1.88e-06,1.89e-06,2466530
1571659200,1571662799,1.89e-06,1.89e-06,1.88e-06,1.89e-06,4626429
1571662800,1571666399,1.89e-06,1.89e-06,1.88e-06,1.89e-06,1192986
1571666400,1571669999,1.89e-06,1.89e-06,1.88e-06,1.89e-06,4233982
1571670000,1571673599,1.89e-06,1.89e-06,1.87e-06,1.87e-06,16966815
1571673600,1571677199,1.87e-06,1.88e-06,1.87e-06,1.87e-06,1337936
1571677200,1571680799,1.87e-06,1.88e-06,1.87e-06,1.88e-06,234324
1571680800,1571684399,1.88e-06,1.88e-06,1.86e-06,1.87e-06,2759542
1571684400,1571687999,1.87e-06,1.87e-06,1.86e-06,1.87e-06,130152
1571688000,1571691599,1.87e-06,1.87e-06,1.86e-06,1.87e-06,5118564
1571691600,1571695199,1.87e-06,1.89e-06,1.87e-06,1.87e-06,3861710
1571695200,1571698799,1.87e-06,1.89e-06,1.88e-06,1.88e-06,1833892
1571698800,1571702399,1.88e-06,1.89e-06,1.88e-06,1.89e-06,1201986
1571702400,1571705999,1.89e-06,1.89e-06,1.88e-06,1.88e-06,7854251
1571706000,1571709599,1.88e-06,1.89e-06,1.87e-06,1.87e-06,834494
1571709600,1571713199,1.87e-06,1.91e-06,1.87e-06,1.89e-06,27278139
1571713200,1571716799,1.89e-06,1.9e-06,1.89e-06,1.89e-06,3587496
1571716800,1571720399,1.89e-06,1.9e-06,1.89e-06,1.9e-06,196787
1571720400,1571723999,1.9e-06,1.9e-06,1.88e-06,1.88e-06,3234360
1571724000,1571727599,1.88e-06,1.89e-06,1.88e-06,1.88e-06,657185
1571727600,1571731199,1.88e-06,1.91e-06,1.88e-06,1.89e-06,40348560
1571731200,1571734799,1.89e-06,1.9e-06,1.87e-06,1.87e-06,7843575
1571734800,1571738399,1.87e-06,1.89e-06,1.87e-06,1.88e-06,5279232
1571738400,1571741999,1.88e-06,1.88e-06,1.85e-06,1.86e-06,26970723
1571742000,1571745599,1.86e-06,1.87e-06,1.85e-06,1.87e-06,3542992
1571745600,1571749199,1.87e-06,1.87e-06,1.86e-06,1.86e-06,4901194
1571749200,1571752799,1.86e-06,1.87e-06,1.86e-06,1.87e-06,317165
1571752800,1571756399,1.87e-06,1.87e-06,1.86e-06,1.87e-06,176855
1571756400,1571759999,1.87e-06,1.87e-06,1.86e-06,1.87e-06,4468495
1571760000,1571763599,1.87e-06,1.89e-06,1.86e-06,1.88e-06,15299772
1571763600,1571767199,1.88e-06,1.89e-06,1.88e-06,1.88e-06,1559021
1571767200,1571770799,1.88e-06,1.89e-06,1.88e-06,1.89e-06,7202929
1571770800,1571774399,1.89e-06,1.89e-06,1.88e-06,1.88e-06,9056019
1571774400,1571777999,1.88e-06,1.9e-06,1.87e-06,1.88e-06,21538064
1571778000,1571781599,1.88e-06,1.88e-06,1.87e-06,1.88e-06,1646925
1571781600,1571785199,1.88e-06,1.88e-06,1.86e-06,1.86e-06,4885058
1571785200,1571788799,1.86e-06,1.87e-06,1.86e-06,1.86e-06,4351128
1571788800,1571792399,1.86e-06,1.87e-06,1.86e-06,1.87e-06,910487
1571792400,1571795999,1.87e-06,1.88e-06,1.86e-06,1.88e-06,1654316
1571796000,1571799599,1.88e-06,1.88e-06,1.87e-06,1.88e-06,330010
1571799600,1571803199,1.88e-06,1.88e-06,1.84e-06,1.85e-06,35608555
1571803200,1571806799,1.85e-06,1.86e-06,1.84e-06,1.86e-06,2346592
1571806800,1571810399,1.86e-06,1.87e-06,1.86e-06,1.86e-06,10804514
1571810400,1571813999,1.86e-06,1.87e-06,1.86e-06,1.86e-06,956500
1571814000,1571817599,1.86e-06,1.87e-06,1.86e-06,1.86e-06,642631
1571817600,1571821199,1.86e-06,1.87e-06,1.85e-06,1.86e-06,2721343
1571821200,1571824799,1.86e-06,1.87e-06,1.86e-06,1.86e-06,3680533
1571824800,1571828399,1.86e-06,1.87e-06,1.86e-06,1.87e-06,276098
1571828400,1571831999,1.87e-06,1.87e-06,1.86e-06,1.87e-06,3669556
1571832000,1571835599,1.87e-06,1.9e-06,1.84e-06,1.88e-06,50090925
1571835600,1571839199,1.88e-06,1.91e-06,1.88e-06,1.91e-06,46510839
1571839200,1571842799,1.91e-06,1.93e-06,1.9e-06,1.91e-06,40018924
1571842800,1571846399,1.91e-06,1.91e-06,1.89e-06,1.9e-06,18500329
1571846400,1571849999,1.9e-06,1.91e-06,1.86e-06,1.89e-06,38553814
1571850000,1571853599,1.89e-06,1.91e-06,1.88e-06,1.88e-06,14469835
1571853600,1571857199,1.88e-06,1.91e-06,1.89e-06,1.89e-06,20186583
1571857200,1571860799,1.89e-06,1.94e-06,1.89e-06,1.93e-06,51806807
1571860800,1571864399,1.93e-06,1.93e-06,1.91e-06,1.92e-06,10583269
1571864400,1571867999,1.92e-06,1.92e-06,1.91e-06,1.91e-06,5272384
1571868000,1571871599,1.91e-06,1.92e-06,1.91e-06,1.92e-06,2672862
1571871600,1571875199,1.92e-06,1.92e-06,1.91e-06,1.92e-06,3864031
1571875200,1571878799,1.92e-06,1.97e-06,1.92e-06,1.95e-06,77860943
1571878800,1571882399,1.95e-06,1.96e-06,1.94e-06,1.95e-06,8391831
1571882400,1571885999,1.95e-06,1.95e-06,1.94e-06,1.94e-06,5622081
1571886000,1571889599,1.94e-06,1.95e-06,1.94e-06,1.94e-06,14893955
1571889600,1571893199,1.94e-06,1.96e-06,1.94e-06,1.95e-06,4726528
1571893200,1571896799,1.95e-06,1.96e-06,1.95e-06,1.96e-06,1274936
1571896800,1571900399,1.96e-06,1.96e-06,1.94e-06,1.94e-06,15050325
1571900400,1571903999,1.94e-06,1.95e-06,1.94e-06,1.95e-06,6213015
1571904000,1571907599,1.95e-06,1.97e-06,1.94e-06,1.97e-06,14722098
1571907600,1571911199,1.97e-06,1.98e-06,1.96e-06,1.98e-06,32148149
1571911200,1571914799,1.98e-06,2e-06,1.97e-06,1.98e-06,39965261
1571914800,1571918399,1.98e-06,2e-06,1.98e-06,1.99e-06,10891286
1571918400,1571921999,1.99e-06,2e-06,1.98e-06,1.99e-06,6146727
1571922000,1571925599,1.99e-06,2.02e-06,1.99e-06,2.02e-06,51287585
1571925600,1571929199,2.02e-06,2.02e-06,2e-06,2.02e-06,22219823
1571929200,1571932799,2.02e-06,2.02e-06,2e-06,2.01e-06,11978716
1571932800,1571936399,2.01e-06,2.06e-06,2e-06,2.05e-06,59785603
1571936400,1571939999,2.05e-06,2.05e-06,2.04e-06,2.05e-06,2919689
1571940000,1571943599,2.05e-06,2.06e-06,2.04e-06,2.04e-06,9625357
1571943600,1571947199,2.04e-06,2.05e-06,2.02e-06,2.03e-06,25804690
1571947200,1571950799,2.03e-06,2.03e-06,2.02e-06,2.03e-06,6021901
1571950800,1571954399,2.03e-06,2.05e-06,2.02e-06,2.03e-06,19975898
1571954400,1571957999,2.03e-06,2.04e-06,2.02e-06,2.04e-06,5987897
1571958000,1571961599,2.04e-06,2.05e-06,2.03e-06,2.05e-06,2194484
1571961600,1571965199,2.05e-06,2.06e-06,2.04e-06,2.05e-06,5783668
1571965200,1571968799,2.05e-06,2.07e-06,2.05e-06,2.05e-06,7663798
1571968800,1571972399,2.05e-06,2.06e-06,2.04e-06,2.05e-06,3774185
1571972400,1571975999,2.05e-06,2.06e-06,2.04e-06,2.06e-06,5547765
1571976000,1571979599,2.06e-06,2.06e-06,2.02e-06,2.02e-06,10297322
1571979600,1571983199,2.02e-06,2.04e-06,2.02e-06,2.03e-06,32954932
1571983200,1571986799,2.03e-06,2.05e-06,2.02e-06,2.04e-06,13930538
1571986800,1571990399,2.04e-06,2.05e-06,2.03e-06,2.04e-06,6014026
1571990400,1571993999,2.04e-06,2.06e-06,2.03e-06,2.05e-06,5924094
1571994000,1571997599,2.05e-06,2.05e-06,2.03e-06,2.03e-06,14991301
1571997600,1572001199,2.03e-06,2.05e-06,2e-06,2.02e-06,23969213
1572001200,1572004799,2.02e-06,2.03e-06,2.01e-06,2.03e-06,9302392
1572004800,1572008399,2.03e-06,2.04e-06,2.01e-06,2.02e-06,33357399
1572008400,1572011999,2.02e-06,2.03e-06,2.02e-06,2.02e-06,13524193
1572012000,1572015599,2.02e-06,2.03e-06,2.02e-06,2.03e-06,4237828
1572015600,1572019199,2.03e-06,2.03e-06,1.92e-06,1.96e-06,117992514
1572019200,1572022799,1.96e-06,1.98e-06,1.93e-06,1.97e-06,71791415
1572022800,1572026399,1.97e-06,1.99e-06,1.92e-06,1.95e-06,73222625
1572026400,1572029999,1.95e-06,1.95e-06,1.93e-06,1.94e-06,11787107
1572030000,1572033599,1.94e-06,1.95e-06,1.93e-06,1.94e-06,11841462
1572033600,1572037199,1.94e-06,2.09e-06,1.93e-06,2.05e-06,183779254
1572037200,1572040799,2.05e-06,2.05e-06,2.01e-06,2.01e-06,22691268
1572040800,1572044399,2.01e-06,2.05e-06,2.01e-06,2.03e-06,21799498
1572044400,1572047999,2.03e-06,2.06e-06,2e-06,2.05e-06,19357260
1572048000,1572051599,2.05e-06,2.05e-06,1.92e-06,1.95e-06,114717346
1572051600,1572055199,1.95e-06,1.95e-06,1.43e-06,1.76e-06,443513474
1572055200,1572058799,1.76e-06,1.84e-06,1.73e-06,1.79e-06,100058866
1572058800,1572062399,1.79e-06,1.81e-06,1.77e-06,1.78e-06,27512586
1572062400,1572065999,1.78e-06,1.8e-06,1.77e-06,1.8e-06,18375706
1572066000,1572069599,1.8e-06,1.8e-06,1.77e-06,1.78e-06,10188709
1572069600,1572073199,1.78e-06,1.8e-06,1.78e-06,1.79e-06,5721198
1572073200,1572076799,1.79e-06,1.81e-06,1.78e-06,1.78e-06,15697472
1572076800,1572080399,1.78e-06,1.8e-06,1.76e-06,1.77e-06,18349952
1572080400,1572083999,1.77e-06,1.8e-06,1.77e-06,1.8e-06,39070143
1572084000,1572087599,1.8e-06,1.8e-06,1.78e-06,1.79e-06,21861075
1572087600,1572091199,1.79e-06,1.81e-06,1.79e-06,1.79e-06,10026980
1572091200,1572094799,1.79e-06,1.8e-06,1.77e-06,1.78e-06,17578071
1572094800,1572098399,1.78e-06,1.8e-06,1.78e-06,1.79e-06,20989789
1572098400,1572101999,1.79e-06,1.79e-06,1.78e-06,1.78e-06,3332688
1572102000,1572105599,1.78e-06,1.79e-06,1.78e-06,1.79e-06,4729527
1572105600,1572109199,1.79e-06,1.79e-06,1.76e-06,1.76e-06,20944220
1572109200,1572112799,1.76e-06,1.77e-06,1.76e-06,1.77e-06,12952110
1572112800,1572116399,1.77e-06,1.77e-06,1.75e-06,1.76e-06,29822498
1572116400,1572119999,1.76e-06,1.78e-06,1.74e-06,1.78e-06,12272960
1572120000,1572123599,1.78e-06,1.79e-06,1.78e-06,1.78e-06,6311026
1572123600,1572127199,1.78e-06,1.78e-06,1.77e-06,1.77e-06,6594745
1572127200,1572130799,1.77e-06,1.78e-06,1.76e-06,1.78e-06,1696927
1572130800,1572134399,1.78e-06,1.79e-06,1.78e-06,1.78e-06,9149811
1572134400,1572137999,1.78e-06,1.79e-06,1.77e-06,1.77e-06,15141909
1572138000,1572141599,1.77e-06,1.78e-06,1.77e-06,1.78e-06,1638377
1572141600,1572145199,1.78e-06,1.78e-06,1.77e-06,1.78e-06,4143863
1572145200,1572148799,1.78e-06,1.78e-06,1.77e-06,1.77e-06,141489
1572148800,1572152399,1.77e-06,1.8e-06,1.77e-06,1.79e-06,11464663
1572152400,1572155999,1.79e-06,1.81e-06,1.79e-06,1.79e-06,28658019
1572156000,1572159599,1.79e-06,1.8e-06,1.78e-06,1.78e-06,5669651
1572159600,1572163199,1.78e-06,1.79e-06,1.77e-06,1.78e-06,6835709
1572163200,1572166799,1.78e-06,1.78e-06,1.77e-06,1.77e-06,2137054
1572166800,1572170399,1.77e-06,1.78e-06,1.77e-06,1.78e-06,16705175
1572170400,1572173999,1.78e-06,1.81e-06,1.77e-06,1.8e-06,45835138
1572174000,1572177599,1.8e-06,1.8e-06,1.75e-06,1.79e-06,69326849
1572177600,1572181199,1.79e-06,1.8e-06,1.78e-06,1.79e-06,13737454
1572181200,1572184799,1.79e-06,1.84e-06,1.78e-06,1.83e-06,33398023
1572184800,1572188399,1.83e-06,2.01e-06,1.82e-06,1.96e-06,168151180
1572188400,1572191999,1.96e-06,2.07e-06,1.91e-06,2.06e-06,116895900
1572192000,1572195599,2.06e-06,2.06e-06,1.95e-06,2e-06,121643432
1572195600,1572199199,2e-06,2e-06,1.94e-06,1.98e-06,39539602
1572199200,1572202799,1.98e-06,2.02e-06,1.96e-06,2.01e-06,22196178
1572202800,1572206399,2.01e-06,2.01e-06,1.95e-06,1.95e-06,28335189
1572206400,1572209999,1.95e-06,1.98e-06,1.93e-06,1.97e-06,16886403
1572210000,1572213599,1.97e-06,2e-06,1.95e-06,1.96e-06,29342132
1572213600,1572217199,1.96e-06,2.03e-06,1.95e-06,2.02e-06,38602238
1572217200,1572220799,2.02e-06,2.03e-06,1.98e-06,1.99e-06,25362095
1572220800,1572224399,1.99e-06,2.22e-06,1.99e-06,2.18e-06,208625358
1572224400,1572227999,2.18e-06,2.3e-06,2.17e-06,2.18e-06,197620432
1572228000,1572231599,2.18e-06,2.2e-06,2.13e-06,2.17e-06,39906210
1572231600,1572235199,2.17e-06,2.17e-06,2.11e-06,2.14e-06,41941831
1572235200,1572238799,2.14e-06,2.18e-06,2.08e-06,2.14e-06,80833395
1572238800,1572242399,2.14e-06,2.19e-06,2.14e-06,2.17e-06,20319461
1572242400,1572245999,2.17e-06,2.18e-06,2.12e-06,2.14e-06,12478564
1572246000,1572249599,2.14e-06,2.17e-06,2.13e-06,2.17e-06,15648987
1572249600,1572253199,2.17e-06,2.17e-06,2.14e-06,2.16e-06,12440273
1572253200,1572256799,2.16e-06,2.22e-06,2.16e-06,2.2e-06,29290497
1572256800,1572260399,2.2e-06,2.19e-06,2.14e-06,2.17e-06,24421241
1572260400,1572263999,2.17e-06,2.21e-06,2.16e-06,2.18e-06,36207789
1572264000,1572267599,2.18e-06,2.21e-06,2.14e-06,2.17e-06,36151794
1572267600,1572271199,2.17e-06,2.18e-06,2.14e-06,2.15e-06,10513361
1572271200,1572274799,2.15e-06,2.16e-06,2.09e-06,2.11e-06,42093964
1572274800,1572278399,2.11e-06,2.14e-06,2.1e-06,2.12e-06,28766950
1572278400,1572281999,2.12e-06,2.12e-06,2.09e-06,2.12e-06,38292563
1572282000,1572285599,2.12e-06,2.14e-06,2.1e-06,2.14e-06,18760808
1572285600,1572289199,2.14e-06,2.22e-06,2.13e-06,2.18e-06,75254239
1572289200,1572292799,2.18e-06,2.25e-06,2.18e-06,2.25e-06,47563628
1572292800,1572296399,2.25e-06,2.27e-06,2.17e-06,2.2e-06,92204358
1572296400,1572299999,2.2e-06,2.22e-06,2.15e-06,2.18e-06,49682163
1572300000,1572303599,2.18e-06,2.18e-06,2.14e-06,2.17e-06,19380509
1572303600,1572307199,2.17e-06,2.18e-06,2.15e-06,2.16e-06,17972644
1572307200,1572310799,2.16e-06,2.21e-06,2.16e-06,2.21e-06,30189630
1572310800,1572314399,2.21e-06,2.22e-06,2.18e-06,2.22e-06,14765057
1572314400,1572317999,2.22e-06,2.23e-06,2.2e-06,2.21e-06,17396953
1572318000,1572321599,2.21e-06,2.24e-06,2.21e-06,2.23e-06,9368529
1572321600,1572325199,2.23e-06,2.25e-06,2.21e-06,2.22e-06,14231701
1572325200,1572328799,2.22e-06,2.22e-06,2.16e-06,2.18e-06,25564913
1572328800,1572332399,2.18e-06,2.19e-06,2.17e-06,2.17e-06,4445420
1572332400,1572335999,2.17e-06,2.18e-06,2.17e-06,2.17e-06,2882306
1572336000,1572339599,2.17e-06,2.18e-06,2.16e-06,2.18e-06,8460884
1572339600,1572343199,2.18e-06,2.25e-06,2.18e-06,2.22e-06,47001007
1572343200,1572346799,2.22e-06,2.29e-06,2.21e-06,2.24e-06,56760232
1572346800,1572350399,2.24e-06,2.26e-06,2.22e-06,2.26e-06,22721459
1572350400,1572353999,2.26e-06,2.26e-06,2.2e-06,2.21e-06,39702069
1572354000,1572357599,2.21e-06,2.23e-06,2.19e-06,2.23e-06,32606957
1572357600,1572361199,2.23e-06,2.25e-06,2.22e-06,2.23e-06,43307068
1572361200,1572364799,2.23e-06,2.38e-06,2.22e-06,2.34e-06,156094630
1572364800,1572368399,2.34e-06,2.38e-06,2.27e-06,2.29e-06,113921711
1572368400,1572371999,2.29e-06,2.32e-06,2.28e-06,2.31e-06,41130228
1572372000,1572375599,2.31e-06,2.33e-06,2.23e-06,2.23e-06,87132174
1572375600,1572379199,2.23e-06,2.28e-06,2.22e-06,2.27e-06,72685551
1572379200,1572382799,2.27e-06,2.29e-06,2.24e-06,2.25e-06,37472524
1572382800,1572386399,2.25e-06,2.28e-06,2.22e-06,2.27e-06,34507840
1572386400,1572389999,2.27e-06,2.31e-06,2.27e-06,2.28e-06,15994195
1572390000,1572393599,2.28e-06,2.3e-06,2.24e-06,2.29e-06,16029738
1572393600,1572397199,2.29e-06,2.32e-06,2.28e-06,2.32e-06,16882158
1572397200,1572400799,2.32e-06,2.41e-06,2.31e-06,2.34e-06,65185689
1572400800,1572404399,2.34e-06,2.35e-06,2.31e-06,2.32e-06,23497606
1572404400,1572407999,2.32e-06,2.33e-06,2.3e-06,2.3e-06,16436663
1572408000,1572411599,2.3e-06,2.32e-06,2.27e-06,2.27e-06,38592079
1572411600,1572415199,2.27e-06,2.29e-06,2.25e-06,2.26e-06,37816172
1572415200,1572418799,2.26e-06,2.3e-06,2.26e-06,2.28e-06,39329888
1572418800,1572422399,2.28e-06,2.29e-06,2.26e-06,2.27e-06,24132454
1572422400,1572425999,2.27e-06,2.27e-06,2.22e-06,2.26e-06,34359039
1572426000,1572429599,2.26e-06,2.28e-06,2.25e-06,2.28e-06,14069750
1572429600,1572433199,2.28e-06,2.28e-06,2.18e-06,2.21e-06,50576936
1572433200,1572436799,2.21e-06,2.21e-06,2.17e-06,2.2e-06,25918795
1572436800,1572440399,2.2e-06,2.22e-06,2.2e-06,2.21e-06,16740892
1572440400,1572443999,2.21e-06,2.23e-06,2.21e-06,2.21e-06,21028332
1572444000,1572447599,2.21e-06,2.22e-06,2.2e-06,2.21e-06,12440514
1572447600,1572451199,2.21e-06,2.21e-06,2.18e-06,2.19e-06,28177141
1572451200,1572454799,2.19e-06,2.21e-06,2.18e-06,2.18e-06,12904933
1572454800,1572458399,2.18e-06,2.2e-06,2.17e-06,2.2e-06,34281573
1572458400,1572461999,2.2e-06,2.22e-06,2.19e-06,2.21e-06,23716382
1572462000,1572465599,2.21e-06,2.21e-06,2.18e-06,2.18e-06,13148513
1572465600,1572469199,2.18e-06,2.19e-06,2.14e-06,2.15e-06,54192242
1572469200,1572472799,2.15e-06,2.18e-06,2.15e-06,2.17e-06,12071113
1572472800,1572476399,2.17e-06,2.18e-06,2.16e-06,2.16e-06,5086334
1572476400,1572479999,2.16e-06,2.18e-06,2.16e-06,2.17e-06,1979613
1572480000,1572483599,2.17e-06,2.22e-06,2.16e-06,2.19e-06,18206730
1572483600,1572487199,2.19e-06,2.2e-06,2.19e-06,2.19e-06,5159918
1572487200,1572490799,2.19e-06,2.19e-06,2.18e-06,2.19e-06,4199333
1572490800,1572494399,2.19e-06,2.2e-06,2.18e-06,2.19e-06,2291234
1572494400,1572497999,2.19e-06,2.23e-06,2.19e-06,2.22e-06,7657152
1572498000,1572501599,2.22e-06,2.24e-06,2.2e-06,2.22e-06,10597797
1572501600,1572505199,2.22e-06,2.22e-06,2.21e-06,2.22e-06,1757331
1572505200,1572508799,2.22e-06,2.21e-06,2.19e-06,2.2e-06,9364707
1572508800,1572512399,2.2e-06,2.2e-06,2.19e-06,2.2e-06,3421428
1572512400,1572515999,2.2e-06,2.2e-06,2.12e-06,2.15e-06,29408053
1572516000,1572519599,2.15e-06,2.14e-06,2.12e-06,2.14e-06,15431325
1572519600,1572523199,2.14e-06,2.14e-06,2.12e-06,2.14e-06,7132096
1572523200,1572526799,2.14e-06,2.14e-06,2.11e-06,2.13e-06,14411967
1572526800,1572530399,2.13e-06,2.14e-06,2.11e-06,2.14e-06,7855711
1572530400,1572533999,2.14e-06,2.14e-06,2.12e-06,2.13e-06,2337395
1572534000,1572537599,2.13e-06,2.12e-06,2.08e-06,2.09e-06,45812820
1572537600,1572541199,2.09e-06,2.13e-06,2.08e-06,2.12e-06,49181721
1572541200,1572544799,2.12e-06,2.17e-06,2.12e-06,2.15e-06,16068284
1572544800,1572548399,2.15e-06,2.17e-06,2.15e-06,2.15e-06,10242007
1572548400,1572551999,2.15e-06,2.16e-06,2.15e-06,2.16e-06,1578280
1572552000,1572555599,2.16e-06,2.16e-06,2.13e-06,2.14e-06,6510394
1572555600,1572559199,2.14e-06,2.16e-06,2.13e-06,2.13e-06,12959004
1572559200,1572562799,2.13e-06,2.15e-06,2.14e-06,2.14e-06,3146764
1572562800,1572566399,2.14e-06,2.16e-06,2.14e-06,2.16e-06,5444233
1572566400,1572569999,2.16e-06,2.18e-06,2.14e-06,2.18e-06,8826604
1572570000,1572573599,2.18e-06,2.19e-06,2.17e-06,2.18e-06,16851068
1572573600,1572577199,2.18e-06,2.18e-06,2.15e-06,2.16e-06,4747274
1572577200,1572580799,2.16e-06,2.16e-06,2.13e-06,2.14e-06,10299077
1572580800,1572584399,2.14e-06,2.15e-06,2.13e-06,2.15e-06,2559108
1572584400,1572587999,2.15e-06,2.15e-06,2.14e-06,2.15e-06,327794
1572588000,1572591599,2.15e-06,2.16e-06,2.14e-06,2.15e-06,10187837
1572591600,1572595199,2.15e-06,2.15e-06,2.14e-06,2.14e-06,2827236
1572595200,1572598799,2.14e-06,2.14e-06,2.13e-06,2.14e-06,2134628
1572598800,1572602399,2.14e-06,2.14e-06,2.12e-06,2.13e-06,6102096
1572602400,1572605999,2.13e-06,2.13e-06,2.12e-06,2.12e-06,5035452
1572606000,1572609599,2.12e-06,2.13e-06,2.09e-06,2.12e-06,34655387
1572609600,1572613199,2.12e-06,2.12e-06,2.11e-06,2.12e-06,4264183
1572613200,1572616799,2.12e-06,2.12e-06,2.1e-06,2.11e-06,13109529
1572616800,1572620399,2.11e-06,2.12e-06,2.11e-06,2.12e-06,786649
1572620400,1572623999,2.12e-06,2.12e-06,2.11e-06,2.12e-06,323370
1572624000,1572627599,2.12e-06,2.11e-06,2.1e-06,2.11e-06,4247851
1572627600,1572631199,2.11e-06,2.12e-06,2.1e-06,2.11e-06,5393172
1572631200,1572634799,2.11e-06,2.12e-06,2.11e-06,2.12e-06,1463096
1572634800,1572638399,2.12e-06,2.13e-06,2.11e-06,2.13e-06,10257739
1572638400,1572641999,2.13e-06,2.13e-06,2.12e-06,2.13e-06,1481219
1572642000,1572645599,2.13e-06,2.13e-06,2.11e-06,2.11e-06,2659284
1572645600,1572649199,2.11e-06,2.13e-06,2.11e-06,2.13e-06,1408869
1572649200,1572652799,2.13e-06,2.13e-06,2.12e-06,2.13e-06,2339778
1572652800,1572656399,2.13e-06,2.15e-06,2.12e-06,2.14e-06,27645702
1572656400,1572659999,2.14e-06,2.15e-06,2.12e-06,2.12e-06,24167331
1572660000,1572663599,2.12e-06,2.12e-06,2.11e-06,2.12e-06,2235684
1572663600,1572667199,2.12e-06,2.16e-06,2.11e-06,2.15e-06,8019965
1572667200,1572670799,2.15e-06,2.16e-06,2.13e-06,2.15e-06,3120652
1572670800,1572674399,2.15e-06,2.15e-06,2.14e-06,2.14e-06,260818
1572674400,1572677999,2.14e-06,2.15e-06,2.13e-06,2.14e-06,1916490
1572678000,1572681599,2.14e-06,2.14e-06,2.13e-06,2.14e-06,181522
1572681600,1572685199,2.14e-06,2.15e-06,2.13e-06,2.13e-06,2661396
1572685200,1572688799,2.13e-06,2.14e-06,2.12e-06,2.12e-06,1689685
1572688800,1572692399,2.12e-06,2.13e-06,2.12e-06,2.13e-06,256613
1572692400,1572695999,2.13e-06,2.13e-06,2.12e-06,2.12e-06,632511
1572696000,1572699599,2.12e-06,2.14e-06,2.12e-06,2.12e-06,3105161
1572699600,1572703199,2.12e-06,2.12e-06,2.1e-06,2.11e-06,16838566
1572703200,1572706799,2.11e-06,2.13e-06,2.1e-06,2.13e-06,13482359
1572706800,1572710399,2.13e-06,2.14e-06,2.12e-06,2.14e-06,3604603
1572710400,1572713999,2.14e-06,2.16e-06,2.13e-06,2.15e-06,11301781
1572714000,1572717599,2.15e-06,2.17e-06,2.15e-06,2.16e-06,18705751
1572717600,1572721199,2.16e-06,2.16e-06,2.15e-06,2.16e-06,2181998
1572721200,1572724799,2.16e-06,2.16e-06,2.15e-06,2.16e-06,6122728
1572724800,1572728399,2.16e-06,2.16e-06,2.15e-06,2.15e-06,3280095
1572728400,1572731999,2.15e-06,2.16e-06,2.13e-06,2.15e-06,7825069
1572732000,1572735599,2.15e-06,2.15e-06,2.13e-06,2.14e-06,231129
1572735600,1572739199,2.14e-06,2.14e-06,2.13e-06,2.14e-06,363590
1572739200,1572742799,2.14e-06,2.14e-06,2.12e-06,2.14e-06,9972850
1572742800,1572746399,2.14e-06,2.14e-06,2.12e-06,2.12e-06,2241244
1572746400,1572749999,2.12e-06,2.14e-06,2.12e-06,2.13e-06,2468313
1572750000,1572753599,2.13e-06,2.13e-06,2.12e-06,2.13e-06,6654166
1572753600,1572757199,2.13e-06,2.14e-06,2.13e-06,2.13e-06,162239
1572757200,1572760799,2.13e-06,2.14e-06,2.12e-06,2.12e-06,1014500
1572760800,1572764399,2.12e-06,2.13e-06,2.12e-06,2.13e-06,1214918
1572764400,1572767999,2.13e-06,2.13e-06,2.12e-06,2.13e-06,1352152
1572768000,1572771599,2.13e-06,2.14e-06,2.12e-06,2.13e-06,4006561
1572771600,1572775199,2.13e-06,2.13e-06,2.12e-06,2.13e-06,172097
1572775200,1572778799,2.13e-06,2.13e-06,2.11e-06,2.11e-06,3802354
1572778800,1572782399,2.11e-06,2.12e-06,2.11e-06,2.12e-06,2175929
1572782400,1572785999,2.12e-06,2.12e-06,2.11e-06,2.12e-06,3607007
1572786000,1572789599,2.12e-06,2.12e-06,2.11e-06,2.11e-06,106172
1572789600,1572793199,2.11e-06,2.12e-06,2.11e-06,2.11e-06,358121
1572793200,1572796799,2.11e-06,2.12e-06,2.1e-06,2.11e-06,3579821
1572796800,1572800399,2.11e-06,2.14e-06,2.11e-06,2.13e-06,16639951
1572800400,1572803999,2.13e-06,2.13e-06,2.12e-06,2.13e-06,1357287
1572804000,1572807599,2.13e-06,2.13e-06,2.12e-06,2.12e-06,2424125
1572807600,1572811199,2.12e-06,2.14e-06,2.12e-06,2.13e-06,10840334
1572811200,1572814799,2.13e-06,2.14e-06,2.13e-06,2.13e-06,969142
1572814800,1572818399,2.13e-06,2.14e-06,2.13e-06,2.13e-06,1974800
1572818400,1572821999,2.13e-06,2.14e-06,2.13e-06,2.13e-06,1008936
1572822000,1572825599,2.13e-06,2.15e-06,2.12e-06,2.13e-06,22015613
1572825600,1572829199,2.13e-06,2.13e-06,2.1e-06,2.12e-06,19611195
1572829200,1572832799,2.12e-06,2.12e-06,2.1e-06,2.11e-06,3588560
1572832800,1572836399,2.11e-06,2.12e-06,2.11e-06,2.11e-06,266028
1572836400,1572839999,2.11e-06,2.11e-06,2.1e-06,2.1e-06,2029096
1572840000,1572843599,2.1e-06,2.1e-06,2.01e-06,2.06e-06,75032928
1572843600,1572847199,2.06e-06,2.07e-06,2.04e-06,2.06e-06,27709847
1572847200,1572850799,2.06e-06,2.08e-06,2.05e-06,2.07e-06,10654573
1572850800,1572854399,2.07e-06,2.09e-06,2.07e-06,2.08e-06,9211804
1572854400,1572857999,2.08e-06,2.09e-06,2.07e-06,2.07e-06,5716717
1572858000,1572861599,2.07e-06,2.09e-06,2.07e-06,2.08e-06,4514692
1572861600,1572865199,2.08e-06,2.09e-06,2.08e-06,2.09e-06,5516770
1572865200,1572868799,2.09e-06,2.12e-06,2.09e-06,2.11e-06,29198659
1572868800,1572872399,2.11e-06,2.12e-06,2.1e-06,2.11e-06,2665332
1572872400,1572875999,2.11e-06,2.12e-06,2.1e-06,2.11e-06,19957947
1572876000,1572879599,2.11e-06,2.13e-06,2.1e-06,2.12e-06,11281128
1572879600,1572883199,2.12e-06,2.14e-06,2.11e-06,2.14e-06,16521146
1572883200,1572886799,2.14e-06,2.14e-06,2.12e-06,2.12e-06,6607828
1572886800,1572890399,2.12e-06,2.13e-06,2.11e-06,2.12e-06,2873435
1572890400,1572893999,2.12e-06,2.12e-06,2.11e-06,2.11e-06,1210515
1572894000,1572897599,2.11e-06,2.13e-06,2.11e-06,2.12e-06,4932346
1572897600,1572901199,2.12e-06,2.12e-06,2.07e-06,2.1e-06,49276887
1572901200,1572904799,2.1e-06,2.1e-06,2.08e-06,2.09e-06,8715799
1572904800,1572908399,2.09e-06,2.11e-06,2.08e-06,2.11e-06,3908764
1572908400,1572911999,2.11e-06,2.11e-06,2.09e-06,2.1e-06,2371756
1572912000,1572915599,2.1e-06,2.12e-06,2.1e-06,2.11e-06,14018857
1572915600,1572919199,2.11e-06,2.12e-06,2.1e-06,2.11e-06,6195028
1572919200,1572922799,2.11e-06,2.11e-06,2.1e-06,2.11e-06,2649168
1572922800,1572926399,2.11e-06,2.11e-06,2.1e-06,2.11e-06,1104259
1572926400,1572929999,2.11e-06,2.11e-06,2.1e-06,2.11e-06,2793037
1572930000,1572933599,2.11e-06,2.12e-06,2.11e-06,2.11e-06,753283
1572933600,1572937199,2.11e-06,2.12e-06,2.1e-06,2.11e-06,1756864
1572937200,1572940799,2.11e-06,2.12e-06,2.1e-06,2.12e-06,3189820
1572940800,1572944399,2.12e-06,2.12e-06,2.11e-06,2.12e-06,14779839
1572944400,1572947999,2.12e-06,2.14e-06,2.11e-06,2.13e-06,19831945
1572948000,1572951599,2.13e-06,2.13e-06,2.11e-06,2.12e-06,7540535
1572951600,1572955199,2.12e-06,2.13e-06,2.12e-06,2.12e-06,2136234
1572955200,1572958799,2.12e-06,2.13e-06,2.12e-06,2.13e-06,4648663
1572958800,1572962399,2.13e-06,2.14e-06,2.13e-06,2.14e-06,2709380
1572962400,1572965999,2.14e-06,2.15e-06,2.13e-06,2.14e-06,15499779
1572966000,1572969599,2.14e-06,2.14e-06,2.13e-06,2.13e-06,13074839
1572969600,1572973199,2.13e-06,2.14e-06,2.13e-06,2.14e-06,3214345
1572973200,1572976799,2.14e-06,2.14e-06,2.13e-06,2.14e-06,5944413
1572976800,1572980399,2.14e-06,2.14e-06,2.13e-06,2.13e-06,2001362
1572980400,1572983999,2.13e-06,2.14e-06,2.13e-06,2.13e-06,3016317
1572984000,1572987599,2.13e-06,2.14e-06,2.12e-06,2.14e-06,3946995
1572987600,1572991199,2.14e-06,2.14e-06,2.12e-06,2.13e-06,7604683
1572991200,1572994799,2.13e-06,2.13e-06,2.11e-06,2.13e-06,17853784
1572994800,1572998399,2.13e-06,2.13e-06,2.11e-06,2.13e-06,11111537
1572998400,1573001999,2.13e-06,2.13e-06,2.11e-06,2.11e-06,2736947
1573002000,1573005599,2.11e-06,2.11e-06,2.1e-06,2.1e-06,7059737
1573005600,1573009199,2.1e-06,2.11e-06,2.1e-06,2.1e-06,5410168
1573009200,1573012799,2.1e-06,2.12e-06,2.1e-06,2.12e-06,2658998
1573012800,1573016399,2.12e-06,2.12e-06,2.11e-06,2.12e-06,2416263
1573016400,1573019999,2.12e-06,2.15e-06,2.12e-06,2.14e-06,23982631
1573020000,1573023599,2.14e-06,2.15e-06,2.12e-06,2.12e-06,17319904
1573023600,1573027199,2.12e-06,2.13e-06,2.11e-06,2.12e-06,13047061
1573027200,1573030799,2.12e-06,2.2e-06,2.11e-06,2.18e-06,58274832
1573030800,1573034399,2.18e-06,2.19e-06,2.16e-06,2.17e-06,16033911
1573034400,1573037999,2.17e-06,2.18e-06,2.14e-06,2.15e-06,8869876
1573038000,1573041599,2.15e-06,2.16e-06,2.14e-06,2.16e-06,5113793
1573041600,1573045199,2.16e-06,2.17e-06,2.14e-06,2.14e-06,14800684
1573045200,1573048799,2.14e-06,2.15e-06,2.13e-06,2.13e-06,8711932
1573048800,1573052399,2.13e-06,2.14e-06,2.13e-06,2.14e-06,4107405
1573052400,1573055999,2.14e-06,2.14e-06,2.13e-06,2.14e-06,826157
1573056000,1573059599,2.14e-06,2.14e-06,2.13e-06,2.13e-06,2434390
1573059600,1573063199,2.13e-06,2.14e-06,2.12e-06,2.13e-06,9047410
1573063200,1573066799,2.13e-06,2.14e-06,2.13e-06,2.13e-06,2596153
1573066800,1573070399,2.13e-06,2.14e-06,2.12e-06,2.12e-06,1618373
1573070400,1573073999,2.12e-06,2.13e-06,2.12e-06,2.13e-06,1035206
1573074000,1573077599,2.13e-06,2.14e-06,2.13e-06,2.14e-06,5916851
1573077600,1573081199,2.14e-06,2.15e-06,2.14e-06,2.15e-06,3950172
1573081200,1573084799,2.15e-06,2.16e-06,2.14e-06,2.16e-06,2729564
1573084800,1573088399,2.16e-06,2.16e-06,2.14e-06,2.15e-06,4640375
1573088400,1573091999,2.15e-06,2.15e-06,2.12e-06,2.13e-06,9836840
1573092000,1573095599,2.13e-06,2.13e-06,2.12e-06,2.13e-06,4353740
1573095600,1573099199,2.13e-06,2.13e-06,2.12e-06,2.12e-06,2709892
1573099200,1573102799,2.12e-06,2.12e-06,2.11e-06,2.12e-06,2689128
1573102800,1573106399,2.12e-06,2.12e-06,2.1e-06,2.12e-06,8353124
1573106400,1573109999,2.12e-06,2.12e-06,2.11e-06,2.12e-06,393043
1573110000,1573113599,2.12e-06,2.12e-06,2.11e-06,2.11e-06,1180001
1573113600,1573117199,2.11e-06,2.11e-06,2.1e-06,2.11e-06,1488416
1573117200,1573120799,2.11e-06,2.12e-06,2.1e-06,2.11e-06,17912234
1573120800,1573124399,2.11e-06,2.1e-06,2.04e-06,2.1e-06,62890751
1573124400,1573127999,2.1e-06,2.1e-06,2.09e-06,2.1e-06,2609077
1573128000,1573131599,2.1e-06,2.11e-06,2.08e-06,2.1e-06,17077393
1573131600,1573135199,2.1e-06,2.12e-06,2.09e-06,2.11e-06,10601568
1573135200,1573138799,2.11e-06,2.11e-06,2.1e-06,2.1e-06,1587158
1573138800,1573142399,2.1e-06,2.12e-06,2.1e-06,2.11e-06,4722060
1573142400,1573145999,2.11e-06,2.12e-06,2.1e-06,2.11e-06,3114035
1573146000,1573149599,2.11e-06,2.12e-06,2.1e-06,2.11e-06,2269227
1573149600,1573153199,2.11e-06,2.12e-06,2.11e-06,2.12e-06,855213
1573153200,1573156799,2.12e-06,2.12e-06,2.11e-06,2.12e-06,1438144
1573156800,1573160399,2.12e-06,2.12e-06,2.09e-06,2.11e-06,11345654
1573160400,1573163999,2.11e-06,2.11e-06,2.1e-06,2.1e-06,3741968
1573164000,1573167599,2.1e-06,2.11e-06,2.1e-06,2.1e-06,437477
1573167600,1573171199,2.1e-06,2.11e-06,2.1e-06,2.1e-06,971576
1573171200,1573174799,2.1e-06,2.11e-06,2.1e-06,2.11e-06,207337
1573174800,1573178399,2.11e-06,2.12e-06,2.11e-06,2.12e-06,1352455
1573178400,1573181999,2.12e-06,2.13e-06,2.11e-06,2.12e-06,1973047
1573182000,1573185599,2.12e-06,2.13e-06,2.11e-06,2.11e-06,1428080
1573185600,1573189199,2.11e-06,2.12e-06,2.1e-06,2.11e-06,2133562
1573189200,1573192799,2.11e-06,2.11e-06,2.1e-06,2.1e-06,1075286
1573192800,1573196399,2.1e-06,2.11e-06,2.1e-06,2.1e-06,547188
1573196400,1573199999,2.1e-06,2.11e-06,2.07e-06,2.09e-06,13607104
1573200000,1573203599,2.09e-06,2.09e-06,2.08e-06,2.09e-06,4255673
1573203600,1573207199,2.09e-06,2.11e-06,2.09e-06,2.1e-06,5816143
1573207200,1573210799,2.1e-06,2.12e-06,2.1e-06,2.12e-06,7755796
1573210800,1573214399,2.12e-06,2.12e-06,2.11e-06,2.12e-06,932100
1573214400,1573217999,2.12e-06,2.12e-06,2.11e-06,2.11e-06,369116
1573218000,1573221599,2.11e-06,2.12e-06,2.1e-06,2.11e-06,9870575
1573221600,1573225199,2.11e-06,2.12e-06,2.1e-06,2.11e-06,6361579
1573225200,1573228799,2.11e-06,2.12e-06,2.11e-06,2.12e-06,2993035
1573228800,1573232399,2.12e-06,2.13e-06,2.12e-06,2.13e-06,4244419
1573232400,1573235999,2.13e-06,2.13e-06,2.12e-06,2.13e-06,520666
1573236000,1573239599,2.13e-06,2.14e-06,2.12e-06,2.14e-06,7544230
1573239600,1573243199,2.14e-06,2.14e-06,2.13e-06,2.14e-06,408284
1573243200,1573246799,2.14e-06,2.14e-06,2.13e-06,2.14e-06,6774795
1573246800,1573250399,2.14e-06,2.14e-06,2.13e-06,2.13e-06,2085649
1573250400,1573253999,2.13e-06,2.14e-06,2.13e-06,2.13e-06,1559916
1573254000,1573257599,2.13e-06,2.14e-06,2.13e-06,2.13e-06,2438570
1573257600,1573261199,2.13e-06,2.15e-06,2.13e-06,2.14e-06,5964333
1573261200,1573264799,2.14e-06,2.15e-06,2.14e-06,2.14e-06,111514
1573264800,1573268399,2.14e-06,2.15e-06,2.14e-06,2.14e-06,264078
1573268400,1573271999,2.14e-06,2.15e-06,2.14e-06,2.14e-06,4974094
1573272000,1573275599,2.14e-06,2.15e-06,2.14e-06,2.14e-06,305760
1573275600,1573279199,2.14e-06,2.15e-06,2.14e-06,2.14e-06,244640
1573279200,1573282799,2.14e-06,2.16e-06,2.14e-06,2.15e-06,3645463
1573282800,1573286399,2.15e-06,2.15e-06,2.14e-06,2.14e-06,863309
1573286400,1573289999,2.14e-06,2.16e-06,2.13e-06,2.15e-06,50792554
1573290000,1573293599,2.15e-06,2.15e-06,2.14e-06,2.15e-06,964319
1573293600,1573297199,2.15e-06,2.15e-06,2.14e-06,2.15e-06,626216
1573297200,1573300799,2.15e-06,2.15e-06,2.14e-06,2.15e-06,274118
1573300800,1573304399,2.15e-06,2.15e-06,2.13e-06,2.13e-06,4516259
1573304400,1573307999,2.13e-06,2.14e-06,2.13e-06,2.14e-06,183581
1573308000,1573311599,2.14e-06,2.15e-06,2.13e-06,2.14e-06,2672170
1573311600,1573315199,2.14e-06,2.14e-06,2.13e-06,2.14e-06,884156
1573315200,1573318799,2.14e-06,2.15e-06,2.14e-06,2.14e-06,2566608
1573318800,1573322399,2.14e-06,2.15e-06,2.14e-06,2.14e-06,337627
1573322400,1573325999,2.14e-06,2.15e-06,2.14e-06,2.14e-06,153332
1573326000,1573329599,2.14e-06,2.15e-06,2.14e-06,2.15e-06,5726880
1573329600,1573333199,2.15e-06,2.15e-06,2.14e-06,2.15e-06,612125
1573333200,1573336799,2.15e-06,2.15e-06,2.14e-06,2.15e-06,496673
1573336800,1573340399,2.15e-06,2.16e-06,2.14e-06,2.16e-06,5185507
1573340400,1573343999,2.16e-06,2.16e-06,2.15e-06,2.16e-06,193053
1573344000,1573347599,2.16e-06,2.16e-06,2.15e-06,2.15e-06,1212864
1573347600,1573351199,2.15e-06,2.16e-06,2.15e-06,2.16e-06,8087958
1573351200,1573354799,2.16e-06,2.17e-06,2.15e-06,2.15e-06,17009755
